frequency,Aol_dB,Aol_arg
1.000000000000000021e-02,7.660864990000000319e+01,-8.435293610000000122e-03
1.046651210000000033e-02,7.660864990000000319e+01,-8.828810260000000132e-03
1.095478759999999989e-02,7.660864979999999491e+01,-9.240684940000000458e-03
1.146584169999999986e-02,7.660864979999999491e+01,-9.671774080000000717e-03
1.200073710000000050e-02,7.660864979999999491e+01,-1.012297399999999986e-02
1.256058600000000032e-02,7.660864979999999491e+01,-1.059522300000000083e-02
1.314655250000000032e-02,7.660864979999999491e+01,-1.108950300000000055e-02
1.375985509999999926e-02,7.660864979999999491e+01,-1.160684170000000036e-02
1.440176900000000003e-02,7.660864979999999491e+01,-1.214831490000000021e-02
1.507362899999999985e-02,7.660864970000000085e+01,-1.271504849999999937e-02
1.577683200000000105e-02,7.660864970000000085e+01,-1.330822090000000069e-02
1.651284039999999925e-02,7.660864970000000085e+01,-1.392906550000000063e-02
1.728318439999999845e-02,7.660864970000000085e+01,-1.457887320000000007e-02
1.808946579999999929e-02,7.660864970000000085e+01,-1.525899529999999969e-02
1.893336129999999978e-02,7.660864960000000679e+01,-1.597084589999999901e-02
1.981662550000000064e-02,7.660864960000000679e+01,-1.671590510000000099e-02
2.074109509999999892e-02,7.660864960000000679e+01,-1.749572229999999881e-02
2.170869229999999872e-02,7.660864949999999851e+01,-1.831191890000000155e-02
2.272142909999999918e-02,7.660864949999999851e+01,-1.916619199999999856e-02
2.378141129999999936e-02,7.660864940000000445e+01,-2.006031800000000059e-02
2.489084290000000144e-02,7.660864940000000445e+01,-2.099615599999999846e-02
2.605203089999999846e-02,7.660864929999999617e+01,-2.197565199999999830e-02
2.726738969999999845e-02,7.660864929999999617e+01,-2.300084269999999945e-02
2.853944640000000144e-02,7.660864920000000211e+01,-2.407385969999999847e-02
2.987084610000000084e-02,7.660864909999999384e+01,-2.519693430000000123e-02
3.126435729999999663e-02,7.660864899999999977e+01,-2.637240160000000125e-02
3.272287740000000278e-02,7.660864899999999977e+01,-2.760270589999999982e-02
3.424943920000000225e-02,7.660864890000000571e+01,-2.889040539999999935e-02
3.584721710000000200e-02,7.660864879999999744e+01,-3.023817750000000124e-02
3.751953310000000208e-02,7.660864859999999510e+01,-3.164882480000000275e-02
3.926986479999999835e-02,7.660864850000000104e+01,-3.312528049999999974e-02
4.110185150000000148e-02,7.660864840000000697e+01,-3.467061460000000345e-02
4.301930269999999779e-02,7.660864820000000464e+01,-3.628804029999999764e-02
4.502620520000000237e-02,7.660864809999999636e+01,-3.798092079999999815e-02
4.712673220000000024e-02,7.660864789999999402e+01,-3.975277619999999928e-02
4.932525129999999758e-02,7.660864770000000590e+01,-4.160729070000000057e-02
5.162633400000000289e-02,7.660864750000000356e+01,-4.354832050000000121e-02
5.403476499999999849e-02,7.660864719999999295e+01,-4.557990149999999879e-02
5.655555229999999906e-02,7.660864700000000482e+01,-4.770625819999999712e-02
5.919393719999999776e-02,7.660864669999999421e+01,-4.993181180000000330e-02
6.195540609999999893e-02,7.660864639999999781e+01,-5.226118999999999903e-02
6.484570080000000292e-02,7.660864599999999314e+01,-5.469923639999999671e-02
6.787083130000000353e-02,7.660864560000000267e+01,-5.725102029999999675e-02
7.103708770000000117e-02,7.660864519999999800e+01,-5.992184779999999711e-02
7.435105390000000536e-02,7.660864479999999332e+01,-6.271727239999999592e-02
7.781962060000000014e-02,7.660864429999999459e+01,-6.564310660000000075e-02
8.145000010000000290e-02,7.660864370000000179e+01,-6.870543410000000406e-02
8.524974120000000655e-02,7.660864309999999477e+01,-7.191062249999999323e-02
8.922674490000000180e-02,7.660864250000000197e+01,-7.526533639999999359e-02
9.338928050000000480e-02,7.660864180000000090e+01,-7.877655120000000288e-02
9.774600360000000598e-02,7.660864100000000576e+01,-8.245156770000000579e-02
1.023059729999999945e-01,7.660864010000000235e+01,-8.629802749999999911e-02
1.070786700000000008e-01,7.660863919999999894e+01,-9.032392849999999751e-02
1.120740199999999964e-01,7.660863820000000146e+01,-9.453764159999999972e-02
1.173024089999999964e-01,7.660863700000000165e+01,-9.894792850000000417e-02
1.227747079999999963e-01,7.660863580000000184e+01,-1.035639589999999971e-01
1.285022969999999876e-01,7.660863439999999969e+01,-1.083953319999999970e-01
1.344970849999999885e-01,7.660863299999999754e+01,-1.134520930000000039e-01
1.407715370000000021e-01,7.660863129999999899e+01,-1.187447560000000069e-01
1.473386989999999896e-01,7.660862960000000044e+01,-1.242843250000000010e-01
1.542122280000000067e-01,7.660862760000000549e+01,-1.300823200000000013e-01
1.614064149999999975e-01,7.660862550000000226e+01,-1.361507959999999906e-01
1.689362199999999981e-01,7.660862310000000264e+01,-1.425023689999999899e-01
1.768172990000000111e-01,7.660862059999999474e+01,-1.491502480000000130e-01
1.850660399999999872e-01,7.660861780000000465e+01,-1.561082540000000018e-01
1.936995950000000022e-01,7.660861470000000395e+01,-1.633908550000000015e-01
2.027359159999999882e-01,7.660861130000000685e+01,-1.710131910000000088e-01
2.121937919999999922e-01,7.660860759999999914e+01,-1.789911130000000072e-01
2.220928889999999878e-01,7.660860350000000096e+01,-1.873412070000000096e-01
2.324537909999999930e-01,7.660859910000000639e+01,-1.960808340000000094e-01
2.432980419999999921e-01,7.660859429999999293e+01,-2.052281659999999897e-01
2.546481899999999965e-01,7.660858899999999494e+01,-2.148022229999999866e-01
2.665278369999999897e-01,7.660858319999999821e+01,-2.248229059999999890e-01
2.789616830000000158e-01,7.660857679999999448e+01,-2.353110509999999933e-01
2.919755829999999830e-01,7.660856979999999794e+01,-2.462884640000000125e-01
3.055965979999999971e-01,7.660856210000000033e+01,-2.577779680000000240e-01
3.198530490000000004e-01,7.660855370000000164e+01,-2.698034489999999730e-01
3.347745810000000155e-01,7.660854449999999360e+01,-2.823899060000000238e-01
3.503922210000000037e-01,7.660853450000000464e+01,-2.955635090000000020e-01
3.667384419999999978e-01,7.660852350000000399e+01,-3.093516439999999812e-01
3.838472339999999816e-01,7.660851139999999759e+01,-3.237829740000000012e-01
4.017541729999999922e-01,7.660849819999999966e+01,-3.388874980000000092e-01
4.204964909999999723e-01,7.660848369999999363e+01,-3.546966140000000212e-01
4.401131620000000022e-01,7.660846779999999967e+01,-3.712431889999999735e-01
4.606449739999999848e-01,7.660845050000000356e+01,-3.885616170000000258e-01
4.821346189999999865e-01,7.660843140000000062e+01,-4.066878919999999953e-01
5.046267829999999677e-01,7.660841050000000507e+01,-4.256596930000000056e-01
5.281682340000000142e-01,7.660838769999999442e+01,-4.455164529999999790e-01
5.528079209999999799e-01,7.660836260000000664e+01,-4.662994389999999822e-01
5.785970799999999858e-01,7.660833519999999908e+01,-4.880518449999999842e-01
6.055893340000000347e-01,7.660830520000000377e+01,-5.108188809999999469e-01
6.338408100000000323e-01,7.660827229999999588e+01,-5.346478510000000073e-01
6.634102509999999508e-01,7.660823619999999323e+01,-5.595882709999999705e-01
6.943591430000000120e-01,7.660819669999999348e+01,-5.856919649999999811e-01
7.267518379999999834e-01,7.660815350000000024e+01,-6.130131730000000223e-01
7.606556909999999672e-01,7.660810610000000054e+01,-6.416086469999999764e-01
7.961411999999999933e-01,7.660805410000000393e+01,-6.715377900000000233e-01
8.332821510000000265e-01,7.660799719999999979e+01,-7.028627739999999680e-01
8.721557720000000513e-01,7.660793499999999767e+01,-7.356486620000000087e-01
9.128428950000000430e-01,7.660786670000000242e+01,-7.699635320000000061e-01
9.554281209999999636e-01,7.660779200000000344e+01,-8.058786430000000056e-01
1.000000000000000000e+00,7.660770999999999731e+01,-8.434685579999999794e-01
1.046651210000000054e+00,7.660762029999999356e+01,-8.828113109999999875e-01
1.095478759999999996e+00,7.660752200000000300e+01,-9.239885599999999588e-01
1.146584169999999903e+00,7.660741439999999614e+01,-9.670857640000000144e-01
1.200073710000000071e+00,7.660729630000000157e+01,-1.012192320000000034e+00
1.256058600000000025e+00,7.660716720000000635e+01,-1.059401819999999939e+00
1.314655249999999942e+00,7.660702560000000005e+01,-1.108812160000000047e+00
1.375985510000000023e+00,7.660687049999999942e+01,-1.160525779999999951e+00
1.440176899999999982e+00,7.660670079999999871e+01,-1.214649899999999949e+00
1.507362899999999950e+00,7.660651470000000529e+01,-1.271296640000000089e+00
1.577683200000000063e+00,7.660631089999999688e+01,-1.330583370000000043e+00
1.651284039999999953e+00,7.660608759999999506e+01,-1.392632850000000033e+00
1.728318440000000011e+00,7.660584299999999303e+01,-1.457573500000000077e+00
1.808946579999999971e+00,7.660557509999999581e+01,-1.525539729999999983e+00
1.893336130000000006e+00,7.660528159999999787e+01,-1.596672059999999949e+00
1.981662550000000023e+00,7.660496019999999362e+01,-1.671117530000000073e+00
2.074109509999999990e+00,7.660460809999999299e+01,-1.749029949999999944e+00
2.170869230000000094e+00,7.660422230000000354e+01,-1.830570150000000007e+00
2.272142909999999905e+00,7.660379980000000444e+01,-1.915906370000000081e+00
2.378141129999999936e+00,7.660333710000000451e+01,-2.005214539999999879e+00
2.489084290000000088e+00,7.660283019999999965e+01,-2.098678630000000211e+00
2.605203089999999833e+00,7.660227489999999761e+01,-2.196490949999999831e+00
2.726738969999999984e+00,7.660166669999999556e+01,-2.298852670000000042e+00
2.853944639999999922e+00,7.660100049999999783e+01,-2.405973939999999978e+00
2.987084610000000140e+00,7.660027080000000410e+01,-2.518074589999999890e+00
3.126435729999999857e+00,7.659947169999999517e+01,-2.635384240000000045e+00
3.272287739999999889e+00,7.659859629999999697e+01,-2.758142859999999974e+00
3.424943920000000031e+00,7.659763770000000704e+01,-2.886601259999999947e+00
3.584721710000000172e+00,7.659658770000000061e+01,-3.021021320000000010e+00
3.751953310000000208e+00,7.659543779999999913e+01,-3.161676659999999917e+00
3.926986480000000057e+00,7.659417840000000410e+01,-3.308852920000000086e+00
4.110185150000000398e+00,7.659279920000000175e+01,-3.462848419999999816e+00
4.301930269999999723e+00,7.659128880000000095e+01,-3.623974430000000080e+00
4.502620519999999793e+00,7.658963479999999890e+01,-3.792555829999999961e+00
4.712673220000000107e+00,7.658782370000000128e+01,-3.968931449999999916e+00
4.932525130000000146e+00,7.658584039999999504e+01,-4.153454660000000409e+00
5.162633399999999817e+00,7.658366879999999810e+01,-4.346493810000000124e+00
5.403476500000000016e+00,7.658129119999999546e+01,-4.548432799999999609e+00
5.655555230000000044e+00,7.657868799999999965e+01,-4.759671459999999854e+00
5.919393720000000414e+00,7.657583800000000451e+01,-4.980626019999999876e+00
6.195540610000000115e+00,7.657271810000000301e+01,-5.211729690000000303e+00
6.484570080000000125e+00,7.656930280000000266e+01,-5.453432839999999615e+00
6.787083130000000075e+00,7.656556460000000186e+01,-5.706203750000000241e+00
7.103708769999999895e+00,7.656147319999999468e+01,-5.970528599999999741e+00
7.435105390000000369e+00,7.655699549999999931e+01,-6.246911970000000203e+00
7.781962059999999681e+00,7.655209560000000124e+01,-6.535877170000000014e+00
8.145000010000000401e+00,7.654673420000000306e+01,-6.837966250000000024e+00
8.524974119999999544e+00,7.654086839999999370e+01,-7.153740110000000207e+00
8.922674490000000347e+00,7.653445170000000530e+01,-7.483778659999999583e+00
9.338928049999999814e+00,7.652743320000000438e+01,-7.828680679999999725e+00
9.774600360000000876e+00,7.651975760000000548e+01,-8.189063199999999654e+00
1.023059729999999945e+01,7.651136470000000145e+01,-8.565561589999999725e+00
1.070786700000000025e+01,7.650218900000000133e+01,-8.958828589999999537e+00
1.120740200000000009e+01,7.649215929999999730e+01,-9.369533869999999709e+00
1.173024090000000008e+01,7.648119859999999903e+01,-9.798362570000000105e+00
1.227747079999999968e+01,7.646922320000000184e+01,-1.024601439999999997e+01
1.285022969999999987e+01,7.645614190000000576e+01,-1.071320120000000031e+01
1.344970849999999984e+01,7.644185699999999883e+01,-1.120064649999999951e+01
1.407715370000000021e+01,7.642626169999999775e+01,-1.170908129999999936e+01
1.473386990000000019e+01,7.640924149999999315e+01,-1.223924300000000009e+01
1.542122280000000067e+01,7.639067249999999376e+01,-1.279187059999999931e+01
1.614064150000000097e+01,7.637042119999999557e+01,-1.336770250000000004e+01
1.689362200000000058e+01,7.634834429999999372e+01,-1.396747069999999979e+01
1.768172990000000055e+01,7.632428749999999695e+01,-1.459189690000000006e+01
1.850660399999999939e+01,7.629808590000000379e+01,-1.524168659999999953e+01
1.936995950000000022e+01,7.626956289999999683e+01,-1.591752280000000042e+01
2.027359159999999960e+01,7.623853010000000552e+01,-1.662005909999999886e+01
2.121937919999999878e+01,7.620478690000000199e+01,-1.734991180000000099e+01
2.220928890000000067e+01,7.616812040000000650e+01,-1.810765230000000159e+01
2.324537910000000096e+01,7.612830519999999979e+01,-1.889379669999999933e+01
2.432980420000000166e+01,7.608510339999999417e+01,-1.970879719999999935e+01
2.546481899999999854e+01,7.603826479999999322e+01,-2.055303019999999847e+01
2.665278370000000052e+01,7.598752740000000472e+01,-2.142678739999999848e+01
2.789616829999999936e+01,7.593261760000000038e+01,-2.233026179999999883e+01
2.919755830000000074e+01,7.587325140000000090e+01,-2.326353750000000176e+01
3.055965979999999860e+01,7.580913510000000599e+01,-2.422657750000000121e+01
3.198530489999999915e+01,7.573996669999999654e+01,-2.521921130000000133e+01
3.347745809999999977e+01,7.566543760000000418e+01,-2.624112380000000044e+01
3.503922210000000348e+01,7.558523429999999621e+01,-2.729184469999999862e+01
3.667384419999999778e+01,7.549904060000000072e+01,-2.837073709999999949e+01
3.838472339999999861e+01,7.540654019999999491e+01,-2.947699180000000041e+01
4.017541729999999944e+01,7.530741930000000650e+01,-3.060961719999999886e+01
4.204964910000000344e+01,7.520136960000000670e+01,-3.176743689999999987e+01
4.401131620000000311e+01,7.508809159999999849e+01,-3.294908590000000004e+01
4.606449740000000048e+01,7.496729799999999955e+01,-3.415301269999999789e+01
4.821346189999999865e+01,7.483871680000000026e+01,-3.537748009999999965e+01
5.046267830000000032e+01,7.470209520000000225e+01,-3.662057529999999872e+01
5.281682339999999698e+01,7.455720289999999295e+01,-3.788021729999999820e+01
5.528079209999999932e+01,7.440383520000000317e+01,-3.915417200000000264e+01
5.785970799999999770e+01,7.424181629999999643e+01,-4.044006859999999648e+01
6.055893340000000080e+01,7.407100169999999650e+01,-4.173541939999999784e+01
6.338408100000000189e+01,7.389128049999999348e+01,-4.303764240000000285e+01
6.634102509999999597e+01,7.370257750000000385e+01,-4.434408710000000298e+01
6.943591429999999320e+01,7.350485399999999458e+01,-4.565205960000000118e+01
7.267518379999999922e+01,7.329810899999999663e+01,-4.695885249999999900e+01
7.606556910000000471e+01,7.308237850000000435e+01,-4.826176989999999734e+01
7.961411999999999978e+01,7.285773539999999571e+01,-4.955815869999999990e+01
8.332821509999999421e+01,7.262428819999999519e+01,-5.084543250000000114e+01
8.721557719999999847e+01,7.238217930000000422e+01,-5.212109829999999988e+01
9.128428949999999986e+01,7.213158269999999561e+01,-5.338277889999999815e+01
9.554281210000000613e+01,7.187270100000000639e+01,-5.462823219999999935e+01
1.000000000000000000e+02,7.160576319999999839e+01,-5.585537029999999703e+01
1.046651209999999992e+02,7.133102069999999628e+01,-5.706227059999999796e+01
1.095478760000000023e+02,7.104874420000000157e+01,-5.824718819999999653e+01
1.146584170000000000e+02,7.075922009999999318e+01,-5.940856250000000216e+01
1.200073710000000062e+02,7.046274739999999781e+01,-6.054502039999999852e+01
1.256058600000000069e+02,7.015963379999999461e+01,-6.165537789999999774e+01
1.314655250000000137e+02,6.985019289999999614e+01,-6.273863639999999720e+01
1.375985509999999863e+02,6.953474090000000274e+01,-6.379397960000000012e+01
1.440176899999999875e+02,6.921359400000000051e+01,-6.482076539999999909e+01
1.507362899999999968e+02,6.888706600000000435e+01,-6.581851939999999956e+01
1.577683199999999886e+02,6.855546599999999557e+01,-6.678692309999999566e+01
1.651284039999999891e+02,6.821909639999999797e+01,-6.772580419999999890e+01
1.728318439999999896e+02,6.787825150000000463e+01,-6.863512420000000702e+01
1.808946579999999926e+02,6.753321599999999592e+01,-6.951496790000000203e+01
1.893336130000000139e+02,6.718426420000000121e+01,-7.036553080000000193e+01
1.981662550000000067e+02,6.683165900000000192e+01,-7.118710699999999747e+01
2.074109510000000114e+02,6.647565120000000150e+01,-7.198007739999999899e+01
2.170869230000000130e+02,6.611647969999999930e+01,-7.274490009999999529e+01
2.272142910000000029e+02,6.575437069999999551e+01,-7.348209839999999815e+01
2.378141129999999919e+02,6.538953800000000172e+01,-7.419225109999999290e+01
2.489084290000000124e+02,6.502218279999999595e+01,-7.487598479999999768e+01
2.605203089999999975e+02,6.465249450000000309e+01,-7.553396340000000464e+01
2.726738970000000108e+02,6.428065039999999897e+01,-7.616688139999999407e+01
2.853944640000000277e+02,6.390681639999999675e+01,-7.677545779999999809e+01
2.987084609999999998e+02,6.353114709999999832e+01,-7.736042779999999652e+01
3.126435730000000035e+02,6.315378700000000123e+01,-7.792253940000000512e+01
3.272287739999999872e+02,6.277486989999999878e+01,-7.846254670000000431e+01
3.424943920000000048e+02,6.239452049999999872e+01,-7.898120670000000132e+01
3.584721710000000030e+02,6.201285399999999726e+01,-7.947927479999999889e+01
3.751953310000000101e+02,6.162997750000000252e+01,-7.995750219999999331e+01
3.926986479999999915e+02,6.124598979999999671e+01,-8.041663320000000681e+01
4.110185149999999794e+02,6.086098210000000108e+01,-8.085740180000000521e+01
4.301930269999999723e+02,6.047503869999999893e+01,-8.128053069999999991e+01
4.502620519999999829e+02,6.008823730000000296e+01,-8.168672960000000671e+01
4.712673219999999787e+02,5.970064940000000320e+01,-8.207669350000000463e+01
4.932525130000000217e+02,5.931234109999999760e+01,-8.245110250000000462e+01
5.162633399999999710e+02,5.892337280000000277e+01,-8.281061959999999544e+01
5.403476500000000442e+02,5.853380030000000289e+01,-8.315589190000000031e+01
5.655555229999999938e+02,5.814367479999999944e+01,-8.348754870000000494e+01
5.919393720000000485e+02,5.775304340000000280e+01,-8.380620249999999771e+01
6.195540610000000470e+02,5.736194929999999914e+01,-8.411244809999999461e+01
6.484570079999999734e+02,5.697043200000000240e+01,-8.440686289999999303e+01
6.787083129999999755e+02,5.657852789999999743e+01,-8.469000719999999660e+01
7.103708769999999504e+02,5.618627039999999795e+01,-8.496242460000000563e+01
7.435105389999999943e+02,5.579368999999999801e+01,-8.522464159999999822e+01
7.781962059999999610e+02,5.540081490000000031e+01,-8.547716880000000117e+01
8.145000009999999975e+02,5.500767069999999848e+01,-8.572050129999999513e+01
8.524974120000000539e+02,5.461428099999999830e+01,-8.595511829999999520e+01
8.922674490000000560e+02,5.422066740000000351e+01,-8.618148449999999627e+01
9.338928049999999530e+02,5.382684969999999680e+01,-8.640005060000000014e+01
9.774600359999999455e+02,5.343284620000000018e+01,-8.661125350000000367e+01
1.023059729999999945e+03,5.303867350000000158e+01,-8.681551690000000576e+01
1.070786700000000110e+03,5.264434700000000333e+01,-8.701325210000000254e+01
1.120740199999999959e+03,5.224988069999999851e+01,-8.720485870000000261e+01
1.173024089999999887e+03,5.185528759999999693e+01,-8.739072500000000332e+01
1.227747080000000096e+03,5.146057950000000147e+01,-8.757122850000000369e+01
1.285022969999999987e+03,5.106576760000000093e+01,-8.774673719999999832e+01
1.344970849999999928e+03,5.067086179999999729e+01,-8.791760910000000706e+01
1.407715369999999893e+03,5.027587160000000210e+01,-8.808419399999999655e+01
1.473386989999999969e+03,4.988080570000000336e+01,-8.824683330000000581e+01
1.542122280000000046e+03,4.948567200000000099e+01,-8.840586089999999331e+01
1.614064149999999927e+03,4.909047819999999973e+01,-8.856160389999999438e+01
1.689362200000000030e+03,4.869523110000000088e+01,-8.871438329999999439e+01
1.768172990000000027e+03,4.829993739999999747e+01,-8.886451409999999385e+01
1.850660399999999981e+03,4.790460319999999683e+01,-8.901230649999999400e+01
1.936995949999999993e+03,4.750923439999999687e+01,-8.915806609999999921e+01
2.027359159999999974e+03,4.711383659999999907e+01,-8.930209480000000610e+01
2.121937919999999849e+03,4.671841500000000025e+01,-8.944469119999999407e+01
2.220928890000000138e+03,4.632297479999999723e+01,-8.958615140000000565e+01
2.324537910000000011e+03,4.592752099999999871e+01,-8.972676920000000678e+01
2.432980419999999867e+03,4.553205839999999682e+01,-8.986683720000000619e+01
2.546481900000000223e+03,4.513659189999999910e+01,-9.000664729999999736e+01
2.665278369999999995e+03,4.474112610000000245e+01,-9.014649090000000342e+01
2.789616829999999936e+03,4.434566579999999902e+01,-9.028666010000000597e+01
2.919755830000000060e+03,4.395021590000000344e+01,-9.042744799999999827e+01
3.055965979999999945e+03,4.355478109999999958e+01,-9.056914930000000652e+01
3.198530490000000100e+03,4.315936659999999847e+01,-9.071206139999999607e+01
3.347745809999999892e+03,4.276397740000000169e+01,-9.085648419999999703e+01
3.503922210000000177e+03,4.236861909999999654e+01,-9.100272169999999505e+01
3.667384419999999864e+03,4.197329710000000347e+01,-9.115108229999999878e+01
3.838472339999999804e+03,4.157801740000000024e+01,-9.130187929999999596e+01
4.017541729999999916e+03,4.118278629999999652e+01,-9.145543200000000184e+01
4.204964909999999691e+03,4.078761049999999955e+01,-9.161206640000000334e+01
4.401131620000000112e+03,4.039249699999999876e+01,-9.177211579999999458e+01
4.606449740000000020e+03,3.999745339999999771e+01,-9.193592189999999675e+01
4.821346190000000206e+03,3.960248800000000102e+01,-9.210383559999999648e+01
5.046267829999999776e+03,3.920760949999999667e+01,-9.227621759999999540e+01
5.281682340000000295e+03,3.881282740000000331e+01,-9.245343990000000645e+01
5.528079209999999875e+03,3.841815189999999802e+01,-9.263588649999999802e+01
5.785970800000000054e+03,3.802359419999999801e+01,-9.282395459999999332e+01
6.055893339999999625e+03,3.762916630000000140e+01,-9.301805559999999673e+01
6.338408099999999649e+03,3.723488129999999785e+01,-9.321861649999999599e+01
6.634102509999999711e+03,3.684075330000000292e+01,-9.342608119999999872e+01
6.943591430000000400e+03,3.644679769999999763e+01,-9.364091190000000609e+01
7.267518380000000434e+03,3.605303119999999950e+01,-9.386359040000000675e+01
7.606556910000000244e+03,3.565947210000000211e+01,-9.409462039999999661e+01
7.961412000000000262e+03,3.526614000000000004e+01,-9.433452850000000467e+01
8.332821509999999762e+03,3.487305640000000295e+01,-9.458386670000000152e+01
8.721557720000000700e+03,3.448024470000000008e+01,-9.484321420000000558e+01
9.128428949999999531e+03,3.408773010000000170e+01,-9.511317999999999984e+01
9.554281209999999191e+03,3.369554020000000349e+01,-9.539440539999999658e+01
1.000000000000000000e+04,3.330370460000000321e+01,-9.568756650000000263e+01
1.046651209999999992e+04,3.291225589999999812e+01,-9.599337749999999403e+01
1.095478759999999966e+04,3.252122880000000293e+01,-9.631259439999999472e+01
1.146584170000000086e+04,3.213066129999999987e+01,-9.664601810000000626e+01
1.200073710000000028e+04,3.174059430000000148e+01,-9.699449880000000235e+01
1.256058599999999933e+04,3.135107179999999971e+01,-9.735894120000000385e+01
1.314655249999999978e+04,3.096214150000000132e+01,-9.774030860000000587e+01
1.375985510000000068e+04,3.057385430000000071e+01,-9.813962940000000401e+01
1.440176900000000023e+04,3.018626509999999996e+01,-9.855800279999999702e+01
1.507362900000000081e+04,2.979943259999999938e+01,-9.899660649999999862e+01
1.577683200000000033e+04,2.941341919999999988e+01,-9.945670389999999372e+01
1.651284040000000095e+04,2.902829170000000047e+01,-9.993965310000000102e+01
1.728318439999999828e+04,2.864412049999999965e+01,-1.004469169999999991e+02
1.808946580000000176e+04,2.826097980000000121e+01,-1.009800730000000044e+02
1.893336130000000048e+04,2.787894770000000122e+01,-1.015408280000000047e+02
1.981662549999999828e+04,2.749810540000000003e+01,-1.021310260000000056e+02
2.074109509999999864e+04,2.711853659999999877e+01,-1.027526699999999948e+02
2.170869229999999880e+04,2.674032709999999824e+01,-1.034079339999999974e+02
2.272142910000000120e+04,2.636356350000000148e+01,-1.040991819999999990e+02
2.378141129999999976e+04,2.598833189999999860e+01,-1.048289890000000071e+02
2.489084289999999964e+04,2.561471570000000142e+01,-1.056001629999999949e+02
2.605203090000000157e+04,2.524279359999999883e+01,-1.064157660000000050e+02
2.726738969999999972e+04,2.487263629999999992e+01,-1.072791440000000023e+02
2.853944640000000072e+04,2.450430250000000143e+01,-1.081939509999999984e+02
2.987084609999999884e+04,2.413783430000000152e+01,-1.091641769999999951e+02
3.126435729999999967e+04,2.377325069999999840e+01,-1.101941829999999953e+02
3.272287740000000122e+04,2.341054030000000097e+01,-1.112887220000000070e+02
3.424943920000000071e+04,2.304965220000000059e+01,-1.124529739999999975e+02
3.584721710000000166e+04,2.269048450000000017e+01,-1.136925659999999993e+02
3.751953310000000056e+04,2.233287070000000085e+01,-1.150135930000000002e+02
3.926986480000000302e+04,2.197656419999999855e+01,-1.164226270000000056e+02
4.110185149999999703e+04,2.162121850000000123e+01,-1.179267119999999949e+02
4.301930270000000019e+04,2.126636560000000031e+01,-1.195333409999999930e+02
4.502620519999999669e+04,2.091139079999999950e+01,-1.212503990000000016e+02
4.712673219999999856e+04,2.055550470000000018e+01,-1.230860799999999955e+02
4.932525130000000354e+04,2.019771280000000147e+01,-1.250487380000000002e+02
5.162633400000000256e+04,1.983678409999999914e+01,-1.271466970000000032e+02
5.403476499999999942e+04,1.947122170000000096e+01,-1.293879650000000083e+02
5.655555230000000302e+04,1.909923609999999883e+01,-1.317798750000000041e+02
5.919393720000000030e+04,1.871872829999999865e+01,-1.343286249999999882e+02
6.195540610000000015e+04,1.832728709999999950e+01,-1.370387210000000096e+02
6.484570079999999871e+04,1.792220680000000144e+01,-1.399123380000000054e+02
6.787083130000000529e+04,1.750053439999999938e+01,-1.429486349999999959e+02
7.103708770000000368e+04,1.705915070000000000e+01,-1.461430679999999995e+02
7.435105389999999898e+04,1.659489040000000060e+01,-1.494867999999999881e+02
7.781962059999999474e+04,1.610470000000000113e+01,-1.529662999999999897e+02
8.145000010000000475e+04,1.558582520000000038e+01,-1.565632410000000050e+02
8.524974120000000403e+04,1.503601190000000010e+01,-1.602547969999999964e+02
8.922674490000000515e+04,1.445369739999999936e+01,-1.640143769999999961e+02
9.338928049999999348e+04,1.383816559999999996e+01,-1.678127810000000011e+02
9.774600359999999637e+04,1.318964210000000037e+01,-1.716196840000000066e+02
1.023059729999999981e+05,1.250931089999999912e+01,-1.754052509999999927e+02
1.070786699999999983e+05,1.179925219999999975e+01,-1.791417199999999923e+02
1.120740200000000041e+05,1.106230930000000079e+01,-1.828047190000000057e+02
1.173024089999999997e+05,1.030190559999999955e+01,-1.863742059999999867e+02
1.227747079999999987e+05,9.521840980000000343e+00,-1.898349650000000111e+02
1.285022970000000059e+05,8.726088770000000494e+00,-1.931766650000000141e+02
1.344970849999999919e+05,7.918617519999999743e+00,-1.963935590000000104e+02
1.407715370000000112e+05,7.103246910000000192e+00,-1.994839440000000081e+02
1.473386989999999932e+05,6.283543510000000332e+00,-2.024494689999999935e+02
1.542122280000000028e+05,5.462754259999999640e+00,-2.052944009999999935e+02
1.614064150000000081e+05,4.643772590000000200e+00,-2.080249220000000037e+02
1.689362200000000012e+05,3.829129749999999888e+00,-2.106484890000000121e+02
1.768172989999999991e+05,3.021004459999999892e+00,-2.131732959999999935e+02
1.850660400000000081e+05,2.221244299999999949e+00,-2.156078379999999868e+02
1.936995950000000012e+05,1.431393729999999920e+00,-2.179605699999999899e+02
2.027359159999999974e+05,6.527250390000000069e-01,-2.202396579999999915e+02
2.121937919999999867e+05,-1.137306109999999953e-01,-2.224528039999999862e+02
2.220928889999999956e+05,-8.671533850000000543e-01,-2.246071330000000046e+02
2.324537909999999974e+05,-1.606907649999999910e+00,-2.267091330000000085e+02
2.432980419999999867e+05,-2.332517360000000206e+00,-2.287646279999999877e+02
2.546481900000000023e+05,-3.043644580000000044e+00,-2.307787869999999941e+02
2.665278369999999995e+05,-3.740070610000000073e+00,-2.327561469999999986e+02
2.789616830000000191e+05,-4.421679560000000286e+00,-2.347006599999999992e+02
2.919755829999999842e+05,-5.088444149999999944e+00,-2.366157410000000141e+02
3.055965979999999981e+05,-5.740413199999999883e+00,-2.385043300000000102e+02
3.198530489999999991e+05,-6.377700690000000172e+00,-2.403689469999999915e+02
3.347745810000000056e+05,-7.000475889999999701e+00,-2.422117599999999982e+02
3.503922210000000196e+05,-7.608954520000000166e+00,-2.440346370000000036e+02
3.667384419999999809e+05,-8.203390660000000167e+00,-2.458392020000000002e+02
3.838472339999999967e+05,-8.784069199999999356e+00,-2.476268900000000031e+02
4.017541730000000098e+05,-9.351298840000000112e+00,-2.493989850000000104e+02
4.204964909999999800e+05,-9.905405469999999823e+00,-2.511566640000000064e+02
4.401131620000000112e+05,-1.044672599999999996e+01,-2.529010279999999966e+02
4.606449739999999874e+05,-1.097560250000000082e+01,-2.546331289999999967e+02
4.821346190000000061e+05,-1.149237669999999945e+01,-2.563539920000000052e+02
5.046267829999999958e+05,-1.199738529999999948e+01,-2.580646310000000199e+02
5.281682340000000549e+05,-1.249095460000000024e+01,-2.597660569999999893e+02
5.528079209999999730e+05,-1.297339730000000024e+01,-2.614592860000000201e+02
5.785970799999999581e+05,-1.344500780000000084e+01,-2.631453409999999735e+02
6.055893340000000317e+05,-1.390605949999999957e+01,-2.648252449999999953e+02
6.338408100000000559e+05,-1.435680209999999946e+01,-2.665000220000000013e+02
6.634102510000000475e+05,-1.479745899999999992e+01,-2.681706829999999968e+02
6.943591430000000400e+05,-1.522822580000000059e+01,-2.698382159999999885e+02
7.267518379999999888e+05,-1.564926920000000088e+01,-2.715035750000000121e+02
7.606556909999999916e+05,-1.606072590000000133e+01,-2.731676659999999970e+02
7.961411999999999534e+05,-1.646270270000000124e+01,-2.748313269999999875e+02
8.332821509999999544e+05,-1.685527700000000095e+01,-2.764953179999999975e+02
8.721557719999999972e+05,-1.723849720000000119e+01,-2.781602980000000116e+02
9.128428950000000186e+05,-1.761238420000000104e+01,-2.798268150000000105e+02
9.554281210000000428e+05,-1.797693310000000011e+01,-2.814952840000000265e+02
1.000000000000000000e+06,-1.833211560000000162e+01,-2.831659779999999955e+02
1.046651209999999963e+06,-1.867788240000000144e+01,-2.848390079999999784e+02
1.095478760000000009e+06,-1.901416640000000058e+01,-2.865143170000000055e+02
1.146584169999999925e+06,-1.934088609999999875e+01,-2.881916659999999979e+02
1.200073709999999963e+06,-1.965794899999999856e+01,-2.898706290000000081e+02
1.256058600000000093e+06,-1.996525600000000011e+01,-2.915505860000000098e+02
1.314655250000000000e+06,-2.026270510000000158e+01,-2.932307250000000067e+02
1.375985510000000009e+06,-2.055019599999999969e+01,-2.949100450000000251e+02
1.440176899999999907e+06,-2.082763389999999859e+01,-2.965873579999999947e+02
1.507362899999999907e+06,-2.109493439999999964e+01,-2.982613020000000006e+02
1.577683199999999953e+06,-2.135202659999999852e+01,-2.999303530000000251e+02
1.651284040000000037e+06,-2.159885789999999872e+01,-3.015928440000000137e+02
1.728318439999999944e+06,-2.183539640000000048e+01,-3.032469849999999951e+02
1.808946580000000075e+06,-2.206163480000000021e+01,-3.048908840000000282e+02
1.893336129999999888e+06,-2.227759239999999963e+01,-3.065225790000000075e+02
1.981662550000000047e+06,-2.248331710000000072e+01,-3.081400570000000130e+02
2.074109510000000009e+06,-2.267888699999999957e+01,-3.097412899999999922e+02
2.170869229999999981e+06,-2.286441100000000048e+01,-3.113242589999999836e+02
2.272142910000000149e+06,-2.304002900000000054e+01,-3.128869849999999815e+02
2.378141129999999888e+06,-2.320591130000000035e+01,-3.144275539999999864e+02
2.489084290000000037e+06,-2.336225800000000064e+01,-3.159441419999999994e+02
2.605203089999999851e+06,-2.350929700000000011e+01,-3.174350400000000150e+02
2.726738970000000205e+06,-2.364728260000000049e+01,-3.188986669999999890e+02
2.853944640000000130e+06,-2.377649279999999976e+01,-3.203335910000000126e+02
2.987084609999999870e+06,-2.389722670000000093e+01,-3.217385390000000029e+02
3.126435729999999981e+06,-2.400980240000000165e+01,-3.231124009999999771e+02
3.272287740000000224e+06,-2.411455309999999841e+01,-3.244542379999999753e+02
3.424943919999999925e+06,-2.421182459999999992e+01,-3.257632820000000038e+02
3.584721709999999963e+06,-2.430197240000000036e+01,-3.270389279999999985e+02
3.751953310000000056e+06,-2.438535840000000121e+01,-3.282807339999999954e+02
3.926986479999999981e+06,-2.446234790000000103e+01,-3.294884089999999901e+02
4.110185149999999907e+06,-2.453330730000000059e+01,-3.306618010000000254e+02
4.301930269999999553e+06,-2.459860090000000099e+01,-3.318008899999999812e+02
4.502620519999999553e+06,-2.465858860000000163e+01,-3.329057700000000182e+02
4.712673219999999739e+06,-2.471362380000000059e+01,-3.339766420000000267e+02
4.932525129999999888e+06,-2.476405099999999848e+01,-3.350137950000000160e+02
5.162633400000000373e+06,-2.481020420000000115e+01,-3.360175970000000234e+02
5.403476500000000000e+06,-2.485240530000000092e+01,-3.369884829999999738e+02
5.655555230000000447e+06,-2.489096269999999933e+01,-3.379269439999999918e+02
5.919393719999999739e+06,-2.492617010000000022e+01,-3.388335169999999721e+02
6.195540610000000335e+06,-2.495830580000000154e+01,-3.397087799999999902e+02
6.484570080000000075e+06,-2.498763230000000135e+01,-3.405533379999999966e+02
6.787083129999999888e+06,-2.501439549999999912e+01,-3.413678229999999871e+02
7.103708769999999553e+06,-2.503882499999999922e+01,-3.421528870000000211e+02
7.435105389999999665e+06,-2.506113390000000152e+01,-3.429091940000000136e+02
7.781962059999999590e+06,-2.508151919999999890e+01,-3.436374230000000125e+02
8.145000009999999776e+06,-2.510016200000000097e+01,-3.443382609999999886e+02
8.524974119999999180e+06,-2.511722830000000073e+01,-3.450123990000000163e+02
8.922674490000000224e+06,-2.513286959999999937e+01,-3.456605359999999791e+02
9.338928050000000745e+06,-2.514722330000000028e+01,-3.462833689999999933e+02
9.774600359999999404e+06,-2.516041390000000177e+01,-3.468815989999999942e+02
1.023059730000000075e+07,-2.517255340000000174e+01,-3.474559279999999717e+02
1.070786700000000000e+07,-2.518374269999999981e+01,-3.480070529999999849e+02
1.120740200000000000e+07,-2.519407169999999851e+01,-3.485356719999999768e+02
1.173024090000000037e+07,-2.520362090000000066e+01,-3.490424780000000169e+02
1.227747080000000075e+07,-2.521246169999999864e+01,-3.495281630000000064e+02
1.285022969999999925e+07,-2.522065759999999912e+01,-3.499934119999999780e+02
1.344970850000000000e+07,-2.522826440000000048e+01,-3.504389039999999795e+02
1.407715369999999925e+07,-2.523533180000000087e+01,-3.508653150000000096e+02
1.473386990000000037e+07,-2.524190330000000060e+01,-3.512733109999999783e+02
1.542122280000000075e+07,-2.524801749999999956e+01,-3.516635529999999790e+02
1.614064150000000000e+07,-2.525370829999999955e+01,-3.520366920000000164e+02
1.689362200000000000e+07,-2.525900569999999945e+01,-3.523933700000000044e+02
1.768172989999999851e+07,-2.526393639999999863e+01,-3.527342189999999960e+02
1.850660400000000000e+07,-2.526852410000000049e+01,-3.530598620000000096e+02
1.936995950000000000e+07,-2.527279000000000053e+01,-3.533709069999999883e+02
2.027359160000000149e+07,-2.527675329999999931e+01,-3.536679520000000139e+02
2.121937919999999925e+07,-2.528043160000000000e+01,-3.539515789999999811e+02
2.220928889999999851e+07,-2.528384090000000128e+01,-3.542223579999999856e+02
2.324537910000000149e+07,-2.528699599999999847e+01,-3.544808429999999930e+02
2.432980419999999925e+07,-2.528991100000000003e+01,-3.547275730000000067e+02
2.546481900000000000e+07,-2.529259899999999917e+01,-3.549630700000000161e+02
2.665278369999999925e+07,-2.529507269999999863e+01,-3.551878379999999993e+02
2.789616830000000075e+07,-2.529734399999999894e+01,-3.554023659999999722e+02
2.919755830000000075e+07,-2.529942459999999826e+01,-3.556071239999999989e+02
3.055965980000000075e+07,-2.530132580000000075e+01,-3.558025650000000155e+02
3.198530489999999851e+07,-2.530305849999999879e+01,-3.559891240000000039e+02
3.347745810000000149e+07,-2.530463329999999900e+01,-3.561672179999999912e+02
3.503922210000000149e+07,-2.530606069999999974e+01,-3.563372439999999983e+02
3.667384420000000298e+07,-2.530735070000000064e+01,-3.564995860000000221e+02
3.838472339999999851e+07,-2.530851309999999899e+01,-3.566546069999999986e+02
4.017541729999999702e+07,-2.530955730000000159e+01,-3.568026530000000207e+02
4.204964910000000149e+07,-2.531049249999999873e+01,-3.569440549999999917e+02
4.401131620000000298e+07,-2.531132750000000087e+01,-3.570791280000000256e+02
4.606449739999999851e+07,-2.531207069999999959e+01,-3.572081689999999981e+02
4.821346189999999851e+07,-2.531273009999999957e+01,-3.573314619999999877e+02
5.046267829999999702e+07,-2.531331349999999958e+01,-3.574492759999999976e+02
5.281682339999999851e+07,-2.531382789999999972e+01,-3.575618650000000116e+02
5.528079210000000149e+07,-2.531428010000000128e+01,-3.576694719999999847e+02
5.785970800000000000e+07,-2.531467639999999975e+01,-3.577723250000000235e+02
6.055893339999999851e+07,-2.531502280000000127e+01,-3.578706429999999727e+02
6.338408100000000000e+07,-2.531532460000000029e+01,-3.579646299999999997e+02
6.634102510000000149e+07,-2.531558689999999956e+01,-3.580544830000000047e+02
6.943591429999999702e+07,-2.531581410000000076e+01,-3.581403879999999731e+02
7.267518379999999702e+07,-2.531601039999999969e+01,-3.582225209999999720e+02
7.606556909999999404e+07,-2.531617969999999929e+01,-3.583010489999999777e+02
7.961412000000000000e+07,-2.531632520000000142e+01,-3.583761319999999841e+02
8.332821509999999404e+07,-2.531644999999999968e+01,-3.584479220000000055e+02
8.721557720000000298e+07,-2.531655680000000075e+01,-3.585165630000000192e+02
9.128428950000000000e+07,-2.531664789999999954e+01,-3.585821930000000179e+02
9.554281209999999404e+07,-2.531672560000000161e+01,-3.586449430000000120e+02
1.000000000000000000e+08,-2.531679159999999840e+01,-3.587049390000000244e+02
1.046651210000000000e+08,-2.531684759999999912e+01,-3.587623009999999795e+02
1.095478760000000000e+08,-2.531689499999999882e+01,-3.588171429999999873e+02
1.146584170000000000e+08,-2.531693509999999847e+01,-3.588695740000000001e+02
1.200073710000000000e+08,-2.531696889999999911e+01,-3.589196999999999775e+02
1.256058600000000000e+08,-2.531699730000000059e+01,-3.589676190000000133e+02
1.314655250000000000e+08,-2.531702119999999923e+01,-3.590134289999999737e+02
1.375985510000000000e+08,-2.531704129999999964e+01,-3.590572189999999750e+02
1.440176900000000000e+08,-2.531705810000000056e+01,-3.590990790000000175e+02
1.507362900000000000e+08,-2.531707219999999836e+01,-3.591390930000000026e+02
1.577683200000000000e+08,-2.531708390000000009e+01,-3.591773390000000177e+02
1.651284040000000000e+08,-2.531709370000000092e+01,-3.592138969999999745e+02
1.728318440000000000e+08,-2.531710179999999966e+01,-3.592488389999999754e+02
1.808946580000000000e+08,-2.531710860000000096e+01,-3.592822350000000142e+02
1.893336130000000000e+08,-2.531711419999999890e+01,-3.593141539999999736e+02
1.981662550000000000e+08,-2.531711879999999937e+01,-3.593446599999999762e+02
2.074109510000000000e+08,-2.531712260000000114e+01,-3.593738149999999791e+02
2.170869230000000000e+08,-2.531712579999999946e+01,-3.594016780000000040e+02
2.272142910000000000e+08,-2.531712840000000142e+01,-3.594283060000000205e+02
2.378141130000000000e+08,-2.531713050000000109e+01,-3.594537540000000035e+02
2.489084290000000000e+08,-2.531713219999999964e+01,-3.594780719999999974e+02
2.605203090000000000e+08,-2.531713359999999824e+01,-3.595013119999999844e+02
2.726738970000000000e+08,-2.531713470000000044e+01,-3.595235200000000191e+02
2.853944640000000000e+08,-2.531713570000000146e+01,-3.595447429999999827e+02
2.987084610000000000e+08,-2.531713639999999899e+01,-3.595650229999999965e+02
3.126435730000000000e+08,-2.531713699999999889e+01,-3.595844020000000114e+02
3.272287740000000000e+08,-2.531713740000000001e+01,-3.596029199999999832e+02
3.424943920000000000e+08,-2.531713780000000114e+01,-3.596206149999999866e+02
3.584721710000000000e+08,-2.531713810000000109e+01,-3.596375239999999849e+02
3.751953310000000000e+08,-2.531713829999999987e+01,-3.596536820000000034e+02
3.926986480000000000e+08,-2.531713849999999866e+01,-3.596691210000000183e+02
4.110185150000000000e+08,-2.531713859999999983e+01,-3.596838740000000030e+02
4.301930270000000000e+08,-2.531713870000000099e+01,-3.596979709999999955e+02
4.502620520000000000e+08,-2.531713870000000099e+01,-3.597114419999999768e+02
4.712673220000000000e+08,-2.531713879999999861e+01,-3.597243129999999951e+02
4.932525130000000000e+08,-2.531713879999999861e+01,-3.597366129999999771e+02
5.162633400000000000e+08,-2.531713879999999861e+01,-3.597483649999999784e+02
5.403476500000000000e+08,-2.531713879999999861e+01,-3.597595949999999903e+02
5.655555230000000000e+08,-2.531713879999999861e+01,-3.597703260000000114e+02
5.919393720000000000e+08,-2.531713870000000099e+01,-3.597805799999999863e+02
6.195540610000000000e+08,-2.531713870000000099e+01,-3.597903779999999756e+02
6.484570080000000000e+08,-2.531713870000000099e+01,-3.597997409999999832e+02
6.787083130000000000e+08,-2.531713870000000099e+01,-3.598086870000000204e+02
7.103708770000000000e+08,-2.531713859999999983e+01,-3.598172359999999799e+02
7.435105390000000000e+08,-2.531713859999999983e+01,-3.598254059999999868e+02
7.781962060000000000e+08,-2.531713859999999983e+01,-3.598332120000000032e+02
8.145000010000000000e+08,-2.531713849999999866e+01,-3.598406719999999837e+02
8.524974120000000000e+08,-2.531713849999999866e+01,-3.598478010000000040e+02
8.922674490000000000e+08,-2.531713849999999866e+01,-3.598546140000000264e+02
9.338928050000000000e+08,-2.531713849999999866e+01,-3.598611240000000180e+02
9.774600360000000000e+08,-2.531713840000000104e+01,-3.598673459999999977e+02
