frequency,mag_dB,phase_deg
1.000000000000000000e+00,-4.999999999999978906e-01,-2.025692284689245700e-04
1.020939483707679951e+00,-4.999999999999998890e-01,-2.068109235281451598e-04
1.042317429393304185e+00,-4.999999999999998890e-01,-2.111414374919523909e-04
1.064143018224316117e+00,-4.999999999999998890e-01,-2.155626301823519199e-04
1.086425623617065517e+00,-4.999999999999998890e-01,-2.200764003650618617e-04
1.109174815262401026e+00,-4.999999999999998890e-01,-2.246846865649742848e-04
1.132400363235557039e+00,-4.999999999999998890e-01,-2.293894678986916973e-04
1.156112242192098849e+00,-4.999999999999978906e-01,-2.341927649244962041e-04
1.180320635651729733e+00,-4.999999999999978906e-01,-2.390966405101173863e-04
1.205035940371797398e+00,-4.999999999999998890e-01,-2.441032007186698925e-04
1.230268770812381618e+00,-4.999999999999978906e-01,-2.492145957131429749e-04
1.256029963694874851e+00,-4.999999999999978906e-01,-2.544330206798283821e-04
1.282330582656021400e+00,-4.999999999999978906e-01,-2.597607167710855119e-04
1.309181922999407055e+00,-4.999999999999998890e-01,-2.651999720678473648e-04
1.336595516546442264e+00,-4.999999999999978906e-01,-2.707531225622801909e-04
1.364583136588924273e+00,-4.999999999999978906e-01,-2.764225531610199908e-04
1.393156802945303196e+00,-4.999999999999978906e-01,-2.822106987094168454e-04
1.422328787122819849e+00,-4.999999999999988898e-01,-2.881200450372250880e-04
1.452111617587742431e+00,-4.999999999999978906e-01,-2.941531300261903499e-04
1.482518085145953624e+00,-4.999999999999978906e-01,-3.003125446999927459e-04
1.513561248436208206e+00,-4.999999999999978906e-01,-3.066009343370094801e-04
1.545254439538413793e+00,-4.999999999999978906e-01,-3.130209996063821058e-04
1.577611269699348506e+00,-4.999999999999988898e-01,-3.195754977278688507e-04
1.610645635178270307e+00,-4.999999999999978906e-01,-3.262672436559868648e-04
1.644371723214931524e+00,-4.999999999999978906e-01,-3.330991112889471911e-04
1.678804018122560304e+00,-4.999999999999958922e-01,-3.400740347029059104e-04
1.713957307508425343e+00,-4.999999999999958922e-01,-3.471950094120586556e-04
1.749846688624656865e+00,-4.999999999999958922e-01,-3.544650936551220033e-04
1.786487574852051008e+00,-4.999999999999958922e-01,-3.618874097087524115e-04
1.823895702319637602e+00,-4.999999999999978906e-01,-3.694651452284672464e-04
1.862087136662867071e+00,-4.999999999999958922e-01,-3.772015546176449644e-04
1.901078279923299919e+00,-4.999999999999958922e-01,-3.850999604251904070e-04
1.940885877592777975e+00,-4.999999999999978906e-01,-3.931637547724671587e-04
1.981527025805098097e+00,-4.999999999999978906e-01,-4.013964008101088884e-04
2.023019178678271413e+00,-4.999999999999968359e-01,-4.098014342053353716e-04
2.065380155810529583e+00,-4.999999999999958922e-01,-4.183824646604129231e-04
2.108628149933289286e+00,-4.999999999999968359e-01,-4.271431774629091678e-04
2.152781734724372509e+00,-4.999999999999958922e-01,-4.360873350684112636e-04
2.197859872784824642e+00,-4.999999999999968359e-01,-4.452187787163837938e-04
2.243881923782766297e+00,-4.999999999999937828e-01,-4.545414300798623322e-04
2.290867652767773155e+00,-4.999999999999958922e-01,-4.640592929496912622e-04
2.338837238659354778e+00,-4.999999999999948375e-01,-4.737764549540280355e-04
2.387811282913177457e+00,-4.999999999999948375e-01,-4.836970893138534599e-04
2.437810818368752130e+00,-4.999999999999937828e-01,-4.938254566352412661e-04
2.488857318282390541e+00,-4.999999999999937828e-01,-5.041659067391566270e-04
2.540972705549304766e+00,-4.999999999999937828e-01,-5.147228805295698401e-04
2.594179362118814058e+00,-4.999999999999937828e-01,-5.255009119006882412e-04
2.648500138606700194e+00,-4.999999999999937828e-01,-5.365046296841218323e-04
2.703958364108843160e+00,-4.999999999999927280e-01,-5.477387596368260775e-04
2.760577856220344906e+00,-4.999999999999917843e-01,-5.592081264706667875e-04
2.818382931264454161e+00,-4.999999999999927280e-01,-5.709176559244852952e-04
2.877398414735668819e+00,-4.999999999999917843e-01,-5.828723768795510173e-04
2.937649651961530495e+00,-4.999999999999896749e-01,-5.950774235193115888e-04
2.999162518987650738e+00,-4.999999999999896749e-01,-6.075380375343644203e-04
3.061963433690677139e+00,-4.999999999999896749e-01,-6.202595703736029070e-04
3.126079367123954622e+00,-4.999999999999896749e-01,-6.332474855424971355e-04
3.191537855100761600e+00,-4.999999999999907296e-01,-6.465073609495006982e-04
3.258367010020088106e+00,-4.999999999999896749e-01,-6.600448913015905146e-04
3.326595532940044286e+00,-4.999999999999886757e-01,-6.738658905499681330e-04
3.396252725904083114e+00,-4.999999999999886757e-01,-6.879762943869716964e-04
3.467368504525315753e+00,-4.999999999999866218e-01,-7.023821627952722560e-04
3.539973410834346357e+00,-4.999999999999866218e-01,-7.170896826504488284e-04
3.614098626396132108e+00,-4.999999999999866218e-01,-7.321051703780621749e-04
3.689775985701502670e+00,-4.999999999999855671e-01,-7.474350746663624640e-04
3.767037989839088219e+00,-4.999999999999866218e-01,-7.630859792358032738e-04
3.845917820453535363e+00,-4.999999999999846234e-01,-7.790646056665450139e-04
3.926449353995998592e+00,-4.999999999999846234e-01,-7.953778162851670623e-04
4.008667176273028154e+00,-4.999999999999825695e-01,-8.120326171118242816e-04
4.092606597300108895e+00,-4.999999999999825695e-01,-8.290361608691165394e-04
4.178303666466217869e+00,-4.999999999999825695e-01,-8.463957500539626274e-04
4.265795188015927053e+00,-4.999999999999805156e-01,-8.641188400737975089e-04
4.355118736855684958e+00,-4.999999999999805156e-01,-8.822130424484374159e-04
4.446312674691085931e+00,-4.999999999999784617e-01,-9.006861280789950439e-04
4.539416166502030947e+00,-4.999999999999784617e-01,-9.195460305852414060e-04
4.634469197362879100e+00,-4.999999999999764633e-01,-9.388008497128483114e-04
4.731512589614804476e+00,-4.999999999999764633e-01,-9.584588548119817551e-04
4.830588020397725835e+00,-4.999999999999764633e-01,-9.785284883887300587e-04
4.931738039549357744e+00,-4.999999999999754086e-01,-9.990183697309018823e-04
5.035006087879047243e+00,-4.999999999999754086e-01,-1.019937298609742242e-03
5.140436515824259978e+00,-4.999999999999723554e-01,-1.041294259059163344e-03
5.248074602497725394e+00,-4.999999999999723554e-01,-1.063098423234110253e-03
5.357966575133415787e+00,-4.999999999999713007e-01,-1.085359155349716748e-03
5.470159628939716079e+00,-4.999999999999682476e-01,-1.108086015702947720e-03
5.584701947368308161e+00,-4.999999999999693023e-01,-1.131288764778452414e-03
5.701642722807473973e+00,-4.999999999999651945e-01,-1.154977367440387752e-03
5.821032177708712396e+00,-4.999999999999651945e-01,-1.179161997212024512e-03
5.942921586155724967e+00,-4.999999999999641398e-01,-1.203853040644957406e-03
6.067363295885052743e+00,-4.999999999999610867e-01,-1.229061101779810533e-03
6.194410750767812779e+00,-4.999999999999600320e-01,-1.254797006700344693e-03
6.324118513762193139e+00,-4.999999999999580336e-01,-1.281071808182925910e-03
6.456542290346554580e+00,-4.999999999999570344e-01,-1.307896790443352280e-03
6.591738952443212618e+00,-4.999999999999559797e-01,-1.335283473983075271e-03
6.729766562843177091e+00,-4.999999999999519273e-01,-1.363243620536900820e-03
6.870684400142320847e+00,-4.999999999999498734e-01,-1.391789238124288997e-03
7.014552984199712959e+00,-4.999999999999498734e-01,-1.420932586206430587e-03
7.161434102129019763e+00,-4.999999999999457656e-01,-1.450686180951304798e-03
7.311390834834172736e+00,-4.999999999999437672e-01,-1.481062800608987746e-03
7.464487584100662154e+00,-4.999999999999427125e-01,-1.512075490999516747e-03
7.620790100254117405e+00,-4.999999999999407141e-01,-1.543737571115667015e-03
7.780365510398038253e+00,-4.999999999999386047e-01,-1.576062638843046858e-03
7.943282347242814012e+00,-4.999999999999344968e-01,-1.609064576799971178e-03
8.109610578538406500e+00,-4.999999999999314992e-01,-1.642757558299617806e-03
8.279421637123340005e+00,-4.999999999999283906e-01,-1.677156053437025380e-03
8.452788451602897268e+00,-4.999999999999243383e-01,-1.712274835303554798e-03
8.629785477669701166e+00,-4.999999999999232836e-01,-1.748128986331475964e-03
8.810488730080139774e+00,-4.999999999999191758e-01,-1.784733904771405736e-03
8.994975815300351840e+00,-4.999999999999151790e-01,-1.822105311305380641e-03
9.183325964835807653e+00,-4.999999999999110711e-01,-1.860259255798407153e-03
9.375620069258802758e+00,-4.999999999999069633e-01,-1.899212124191379135e-03
9.571940712948441288e+00,-4.999999999999039102e-01,-1.938980645538339450e-03
9.772372209558104927e+00,-4.999999999999018563e-01,-1.979581899191087697e-03
9.977000638225531404e+00,-4.999999999998977485e-01,-2.021033322134233555e-03
1.018591388054116997e+01,-4.999999999998916422e-01,-2.063352716473849935e-03
1.039920165829058973e+01,-4.999999999998885891e-01,-2.106558257082920185e-03
1.061695557198724593e+01,-4.999999999998824829e-01,-2.150668499406892687e-03
1.083926914021203380e+01,-4.999999999998783751e-01,-2.195702387432663973e-03
1.106623783977665809e+01,-4.999999999998732680e-01,-2.241679261824443530e-03
1.129795914672797608e+01,-4.999999999998671618e-01,-2.288618868229971501e-03
1.153453257821091960e+01,-4.999999999998610001e-01,-2.336541365760656276e-03
1.177605973520807225e+01,-4.999999999998548939e-01,-2.385467335649303546e-03
1.202264434617412370e+01,-4.999999999998497313e-01,-2.435417790089110072e-03
1.227439231158407118e+01,-4.999999999998436251e-01,-2.486414181257761997e-03
1.253141174941415592e+01,-4.999999999998375189e-01,-2.538478410530470991e-03
1.279381304157524646e+01,-4.999999999998303579e-01,-2.591632837885952858e-03
1.306170888131841146e+01,-4.999999999998221978e-01,-2.645900291509336710e-03
1.333521432163323972e+01,-4.999999999998170352e-01,-2.701304077596175003e-03
1.361444682465949718e+01,-4.999999999998089306e-01,-2.757867990361727306e-03
1.389952631213353307e+01,-4.999999999997997158e-01,-2.815616322259851135e-03
1.419057521689091672e+01,-4.999999999997895017e-01,-2.874573874415850983e-03
1.448771853544761079e+01,-4.999999999997823408e-01,-2.934765967277807100e-03
1.479108388168207178e+01,-4.999999999997721822e-01,-2.996218451490921184e-03
1.510080154164147714e+01,-4.999999999997629119e-01,-3.058957718999567085e-03
1.541700452949559264e+01,-4.999999999997537525e-01,-3.123010714381827847e-03
1.573982864466218778e+01,-4.999999999997435385e-01,-3.188404946421348994e-03
1.606941253012877269e+01,-4.999999999997302158e-01,-3.255168499921526175e-03
1.640589773199538826e+01,-4.999999999997200573e-01,-3.323330047767044867e-03
1.674942876026437233e+01,-4.999999999997087885e-01,-3.392918863238020971e-03
1.710015315090286947e+01,-4.999999999996975752e-01,-3.463964832581950364e-03
1.745822152920503711e+01,-4.999999999996832534e-01,-3.536498467848950451e-03
1.782378767448089008e+01,-4.999999999996700417e-01,-3.610550919995729469e-03
1.819700858609983385e+01,-4.999999999996567190e-01,-3.686153992263974718e-03
1.857804455091698159e+01,-4.999999999996413425e-01,-3.763340153838852682e-03
1.896705921211145451e+01,-4.999999999996250777e-01,-3.842142553793532079e-03
1.936421963946606795e+01,-4.999999999996107558e-01,-3.922595035325690364e-03
1.976969640111860116e+01,-4.999999999995933253e-01,-4.004732150292111652e-03
2.018366363681560571e+01,-4.999999999995780597e-01,-4.088589174047662679e-03
2.060629913269999491e+01,-4.999999999995586308e-01,-4.174202120594952548e-03
2.103778439766475117e+01,-4.999999999995413114e-01,-4.261607758051254302e-03
2.147830474130532963e+01,-4.999999999995198285e-01,-4.350843624439263389e-03
2.192804935350448403e+01,-4.999999999994983457e-01,-4.441948043808536042e-03
2.238721138568338986e+01,-4.999999999994779731e-01,-4.534960142694476233e-03
2.285598803375430066e+01,-4.999999999994585442e-01,-4.629919866921987891e-03
2.333458062281001943e+01,-4.999999999994330091e-01,-4.726867998760968075e-03
2.382319469358690256e+01,-4.999999999994095279e-01,-4.825846174441047499e-03
2.432204009073814532e+01,-4.999999999993849364e-01,-4.926896902033053340e-03
2.483133105295569010e+01,-4.999999999993604560e-01,-5.030063579704934645e-03
2.535128630497906954e+01,-4.999999999993308686e-01,-5.135390514359929742e-03
2.588212915153090421e+01,-4.999999999993012256e-01,-5.242922940665020390e-03
2.642408757321945956e+01,-4.999999999992736921e-01,-5.352707040477830240e-03
2.697739432444919316e+01,-4.999999999992440491e-01,-5.464789962680309011e-03
2.754228703338166184e+01,-4.999999999992102984e-01,-5.579219843427735484e-03
2.811900830398939632e+01,-4.999999999991766031e-01,-5.696045826821703392e-03
2.870780582024690730e+01,-4.999999999991419086e-01,-5.815318086016021439e-03
2.930893245250319978e+01,-4.999999999991081578e-01,-5.937087844764518500e-03
2.992264636608188866e+01,-4.999999999990683563e-01,-6.061407399420088576e-03
3.054921113215511852e+01,-4.999999999990295541e-01,-6.188330141394358594e-03
3.118889584093937017e+01,-4.999999999989876431e-01,-6.317910580087670105e-03
3.184197521726123981e+01,-4.999999999989447330e-01,-6.450204366299176068e-03
3.250872973854342263e+01,-4.999999999989008237e-01,-6.585268316127167003e-03
3.318944575526103336e+01,-4.999999999988528065e-01,-6.723160435369838865e-03
3.388441561392023971e+01,-4.999999999988037347e-01,-6.863939944436986407e-03
3.459393778261218699e+01,-4.999999999987537191e-01,-7.007667303783383407e-03
3.531831697919567858e+01,-4.999999999987005950e-01,-7.154404239874657088e-03
3.605786430216423355e+01,-4.999999999986464716e-01,-7.304213771696954106e-03
3.681289736425313208e+01,-4.999999999985882404e-01,-7.457160237821621775e-03
3.758374042884441479e+01,-4.999999999985300092e-01,-7.613309324036684166e-03
3.837072454922786591e+01,-4.999999999984677257e-01,-7.772728091556858898e-03
3.917418771077830542e+01,-4.999999999984023336e-01,-7.935485005824315791e-03
3.999447497610973556e+01,-4.999999999983359422e-01,-8.101649965912456619e-03
4.083193863326921047e+01,-4.999999999982634447e-01,-8.271294334545462729e-03
4.168693834703353218e+01,-4.999999999981908916e-01,-8.444490968746378931e-03
4.255984131337428522e+01,-4.999999999981142862e-01,-8.621314251126985240e-03
4.345102241715714086e+01,-4.999999999980345722e-01,-8.801840121832870192e-03
4.436086439314323115e+01,-4.999999999979518606e-01,-8.986146111157375382e-03
4.528975799036207661e+01,-4.999999999978660403e-01,-9.174311372838514500e-03
4.623810213992601348e+01,-4.999999999977731147e-01,-9.366416718053069065e-03
4.720630412635904349e+01,-4.999999999976791898e-01,-9.562544650122557430e-03
4.819477976251272366e+01,-4.999999999975831555e-01,-9.762779399945844747e-03
4.920395356814508858e+01,-4.999999999974789056e-01,-9.967206962173805196e-03
5.023425895223869020e+01,-4.999999999973757658e-01,-1.017591513214135580e-02
5.128613839913648320e+01,-4.999999999972634113e-01,-1.038899354357293060e-02
5.236004365857501597e+01,-4.999999999971469489e-01,-1.060653370707738581e-02
5.345643593969713692e+01,-4.999999999970253795e-01,-1.082862904944907612e-02
5.457578610912707973e+01,-4.999999999968987585e-01,-1.105537495379180397e-02
5.571857489319295098e+01,-4.999999999967700282e-01,-1.128686880048295101e-02
5.688529308438413068e+01,-4.999999999966321385e-01,-1.152321000899543361e-02
5.807644175213118132e+01,-4.999999999964891417e-01,-1.176450008059532273e-02
5.929253245799996819e+01,-4.999999999963410380e-01,-1.201084264193359383e-02
6.053408747539133117e+01,-4.999999999961857733e-01,-1.226234348955061032e-02
6.180164001384157046e+01,-4.999999999960253461e-01,-1.251911063531256120e-02
6.309573444801930009e+01,-4.999999999958568142e-01,-1.278125435279929036e-02
6.441692655151771874e+01,-4.999999999956811214e-01,-1.304888722466347566e-02
6.576578373554202983e+01,-4.999999999955003771e-01,-1.332212419098147138e-02
6.714288529259522420e+01,-4.999999999953093077e-01,-1.360108259861664629e-02
6.854882264526612801e+01,-4.999999999951101337e-01,-1.388588225161628380e-02
6.998419960022731345e+01,-4.999999999949048535e-01,-1.417664546266387583e-02
7.144963260755130818e+01,-4.999999999946883045e-01,-1.447349710560871111e-02
7.294575102545682910e+01,-4.999999999944625406e-01,-1.477656466909546724e-02
7.447319739059888377e+01,-4.999999999942306705e-01,-1.508597831131678300e-02
7.603262769401814580e+01,-4.999999999939834794e-01,-1.540187091591227637e-02
7.762471166286916002e+01,-4.999999999937311257e-01,-1.572437814903816788e-02
7.925013304804714664e+01,-4.999999999934656159e-01,-1.605363851763175892e-02
8.090958991783821830e+01,-4.999999999931897809e-01,-1.638979342889614749e-02
8.260379495771783809e+01,-4.999999999929047867e-01,-1.673298725103032625e-02
8.433347577642750537e+01,-4.999999999926034722e-01,-1.708336737523113991e-02
8.609937521846002539e+01,-4.999999999922918881e-01,-1.744108427899334138e-02
8.790225168308842285e+01,-4.999999999919650939e-01,-1.780629159073532711e-02
8.974287945007480971e+01,-4.999999999916259208e-01,-1.817914615577793241e-02
9.162204901219992337e+01,-4.999999999912704829e-01,-1.855980810370494102e-02
9.354056741475515935e+01,-4.999999999909016668e-01,-1.894844091713401846e-02
9.549925860214354145e+01,-4.999999999905166415e-01,-1.934521150192768796e-02
9.749896377173867279e+01,-4.999999999901172387e-01,-1.975029025887458170e-02
9.954054173515264381e+01,-4.999999999897004610e-01,-2.016385115687150537e-02
1.016248692870694867e+02,-4.999999999892643099e-01,-2.058607180763814479e-02
1.037528415818012633e+02,-4.999999999888117275e-01,-2.101713354199608030e-02
1.059253725177288601e+02,-4.999999999883398272e-01,-2.145722148774506857e-02
1.081433951297937597e+02,-4.999999999878454449e-01,-2.190652464917024200e-02
1.104078619902072518e+02,-4.999999999873327439e-01,-2.236523598821390027e-02
1.127197456175510411e+02,-4.999999999867974498e-01,-2.283355250734717123e-02
1.150800388944435610e+02,-4.999999999862386746e-01,-2.331167533417690535e-02
1.174897554939529272e+02,-4.999999999856585275e-01,-2.379980980782431602e-02
1.199499303149378164e+02,-4.999999999850548438e-01,-2.429816556711227732e-02
1.224616199265047669e+02,-4.999999999844235155e-01,-2.480695664059924185e-02
1.250259030217720095e+02,-4.999999999837646536e-01,-2.532640153849859133e-02
1.276438808811343506e+02,-4.999999999830803676e-01,-2.585672334652243040e-02
1.303166778452298615e+02,-4.999999999823673269e-01,-2.639814982169089164e-02
1.330454417978090191e+02,-4.999999999816217011e-01,-2.695091349014736709e-02
1.358313446587154090e+02,-4.999999999808484308e-01,-2.751525174702201815e-02
1.386755828871888241e+02,-4.999999999800384121e-01,-2.809140695838643551e-02
1.415793779957080858e+02,-4.999999999791976957e-01,-2.867962656534331356e-02
1.445439770745926467e+02,-4.999999999783172333e-01,-2.928016319029563136e-02
1.475706533275894685e+02,-4.999999999774060733e-01,-2.989327474544110561e-02
1.506607066186741690e+02,-4.999999999764530578e-01,-3.051922454353848263e-02
1.538154640303034171e+02,-4.999999999754591862e-01,-3.115828141099346096e-02
1.570362804333551594e+02,-4.999999999744254020e-01,-3.181071980331241777e-02
1.603245390690040040e+02,-4.999999999733488742e-01,-3.247681992297374309e-02
1.636816521427808198e+02,-4.999999999722251620e-01,-3.315686783976759533e-02
1.671090614310706997e+02,-4.999999999710566523e-01,-3.385115561365523162e-02
1.706082389003122728e+02,-4.999999999698380160e-01,-3.455998142020146047e-02
1.741806873391612669e+02,-4.999999999685662555e-01,-3.528364967863321933e-02
1.778279410038922776e+02,-4.999999999672435358e-01,-3.602247118258010417e-02
1.815515662773134977e+02,-4.999999999658665817e-01,-3.677676323355214688e-02
1.853531623414810099e+02,-4.999999999644283433e-01,-3.754684977721317596e-02
1.892343618644974015e+02,-4.999999999629318737e-01,-3.833306154250742948e-02
1.931968317016923891e+02,-4.999999999613731205e-01,-3.913573618369947660e-02
1.972422736114853308e+02,-4.999999999597499745e-01,-3.995521842538864166e-02
2.013724249862387410e+02,-4.999999999580574395e-01,-4.079186021056005473e-02
2.055890595984140248e+02,-4.999999999562943498e-01,-4.164602085173589596e-02
2.098939883623522178e+02,-4.999999999544588181e-01,-4.251806718529167056e-02
2.142890601120058705e+02,-4.999999999525435168e-01,-4.340837372900423208e-02
2.187761623949551790e+02,-4.999999999505506665e-01,-4.431732284289841006e-02
2.233572222830530336e+02,-4.999999999484750490e-01,-4.524530489346254708e-02
2.280342072000416351e+02,-4.999999999463156652e-01,-4.619271842130216743e-02
2.328091257665007845e+02,-4.999999999440643550e-01,-4.715997031230462211e-02
2.376840286624875773e+02,-4.999999999417201191e-01,-4.814747597238803328e-02
2.426610095082414205e+02,-4.999999999392767402e-01,-4.915565950590963795e-02
2.477422057633283714e+02,-4.999999999367332748e-01,-5.018495389781003901e-02
2.529297996446144623e+02,-4.999999999340846157e-01,-5.123580119957164836e-02
2.582260190634595460e+02,-4.999999999313246013e-01,-5.230865271907120251e-02
2.636331385825378675e+02,-4.999999999284512331e-01,-5.340396921440826450e-02
2.691534803926913924e+02,-4.999999999254603478e-01,-5.452222109179223619e-02
2.747894153102394625e+02,-4.999999999223458946e-01,-5.566388860757351398e-02
2.805433637951713308e+02,-4.999999999191028222e-01,-5.682946207450545462e-02
2.864177969906579619e+02,-4.999999999157257458e-01,-5.801944207232535844e-02
2.924152377843333852e+02,-4.999999999122098915e-01,-5.923433966274566781e-02
2.985382618917957416e+02,-4.999999999085489311e-01,-6.047467660894711300e-02
3.047894989627982909e+02,-4.999999999047378685e-01,-6.174098559966829936e-02
3.111716337106016681e+02,-4.999999999007704865e-01,-6.303381047798793657e-02
3.176874070649769237e+02,-4.999999998966417336e-01,-6.435370647489840890e-02
3.243396173493489982e+02,-4.999999998923443933e-01,-6.570124044777048145e-02
3.311311214825910838e+02,-4.999999998878713603e-01,-6.707699112381190765e-02
3.380648362059815213e+02,-4.999999998832185821e-01,-6.848154934862413223e-02
3.451437393358560826e+02,-4.999999998783737909e-01,-6.991551833996487164e-02
3.523708710424869537e+02,-4.999999998733318241e-01,-7.137951394682448547e-02
3.597493351557419032e+02,-4.999999998680855207e-01,-7.287416491392784135e-02
3.672823004980846235e+02,-4.999999998626288855e-01,-7.440011315177579021e-02
3.749730022454833716e+02,-4.999999998569536475e-01,-7.595801401234121564e-02
3.828247433168224347e+02,-4.999999998510484822e-01,-7.754853657053975557e-02
3.908408957924016818e+02,-4.999999998449053962e-01,-7.917236391159426789e-02
3.990249023621420292e+02,-4.999999998385171174e-01,-8.083019342441799537e-02
4.073802778041126089e+02,-4.999999998318735428e-01,-8.252273710114145511e-02
4.159106104940219097e+02,-4.999999998249653466e-01,-8.425072184291299004e-02
4.246195639463126099e+02,-4.999999998177803717e-01,-8.601488977210280940e-02
4.335108783875289191e+02,-4.999999998103143994e-01,-8.781599855104635366e-02
4.425883723626264441e+02,-4.999999998025502768e-01,-8.965482170746214008e-02
4.518559443749221600e+02,-4.999999997944826746e-01,-9.153214896668626643e-02
4.613175745603790574e+02,-4.999999997860964940e-01,-9.344878659086383599e-02
4.709773263969524351e+02,-4.999999997773832972e-01,-9.540555772524517142e-02
4.808393484497285044e+02,-4.999999997683300945e-01,-9.740330275173432473e-02
4.909078761526029098e+02,-4.999999997589285039e-01,-9.944287964984219186e-02
5.011872336272719508e+02,-4.999999997491622050e-01,-1.015251643652003710e-01
5.116818355403073042e+02,-4.999999997390180417e-01,-1.036510511857924033e-01
5.223961889991197722e+02,-4.999999997284877429e-01,-1.058214531260653485e-01
5.333348954876207699e+02,-4.999999997175569866e-01,-1.080373023190865783e-01
5.445026528424208436e+02,-4.999999997062085089e-01,-1.102995504169146240e-01
5.559042572704031500e+02,-4.999999996944320402e-01,-1.126091689993553441e-01
5.675446054085471133e+02,-4.999999996822163117e-01,-1.149671499912802153e-01
5.794286964268809470e+02,-4.999999996695450033e-01,-1.173745060886849795e-01
5.915616341754737277e+02,-4.999999996564037374e-01,-1.198322711936738588e-01
6.039486293763793583e+02,-4.999999996427815230e-01,-1.223415008585539004e-01
6.165950018614815917e+02,-4.999999996286618176e-01,-1.249032727392321851e-01
6.295061828571974729e+02,-4.999999996140271907e-01,-1.275186870581101195e-01
6.426877173170194055e+02,-4.999999995988685941e-01,-1.301888670766740697e-01
6.561452663029050427e+02,-4.999999995831727606e-01,-1.329149595779862969e-01
6.698846094165257909e+02,-4.999999995669171526e-01,-1.356981353592822126e-01
6.839116472814293957e+02,-4.999999995500976069e-01,-1.385395897348874195e-01
6.982324040771711680e+02,-4.999999995326980251e-01,-1.414405430496691596e-01
7.128530301265191156e+02,-4.999999995147017540e-01,-1.444022412032459068e-01
7.277798045368234625e+02,-4.999999994960957483e-01,-1.474259561851773148e-01
7.430191378967014089e+02,-4.999999994768716816e-01,-1.505129866213670287e-01
7.585775750291835493e+02,-4.999999994570133444e-01,-1.536646583319120074e-01
7.744617978025183902e+02,-4.999999994365145195e-01,-1.568823249006414677e-01
7.906786279998244709e+02,-4.999999994153609406e-01,-1.601673682565852574e-01
8.072350302488373472e+02,-4.999999993935465570e-01,-1.635211992676280091e-01
8.241381150130021069e+02,-4.999999993710588786e-01,-1.669452583465996509e-01
8.413951416451947125e+02,-4.999999993478960736e-01,-1.704410160700658705e-01
8.590135215053951470e+02,-4.999999993240519802e-01,-1.740099738100855664e-01
8.770008211436339707e+02,-4.999999992995214360e-01,-1.776536643792039627e-01
8.953647655495936988e+02,-4.999999992743044963e-01,-1.813736526889635770e-01
9.141132414702498181e+02,-4.999999992484052136e-01,-1.851715364222120408e-01
9.332543007969903783e+02,-4.999999992218224776e-01,-1.890489467195017315e-01
9.527961640236511585e+02,-4.999999991945687228e-01,-1.930075488798713990e-01
9.727472237769650292e+02,-4.999999991666520538e-01,-1.970490430763159884e-01
9.931160484209334527e+02,-4.999999991380897901e-01,-2.011751650862498852e-01
1.013911385736678881e+03,-4.999999991088921458e-01,-2.053876870372821073e-01
1.035142166679343063e+03,-4.999999990790908733e-01,-2.096884181686208271e-01
1.056817509213657331e+03,-4.999999990487123958e-01,-2.140792056084378503e-01
1.078946722229828538e+03,-4.999999990177915743e-01,-2.185619351675286703e-01
1.101539309541414468e+03,-4.999999989863651018e-01,-2.231385321496078267e-01
1.124604973966925627e+03,-4.999999989544871015e-01,-2.278109621785932015e-01
1.148153621496881669e+03,-4.999999989222138064e-01,-2.325812320432319169e-01
1.172195365548130439e+03,-4.999999988896096648e-01,-2.374513905594353158e-01
1.196740531307243145e+03,-4.999999988567480069e-01,-2.424235294506923988e-01
1.221799660164871057e+03,-4.999999988237158188e-01,-2.474997842469468246e-01
1.247383514242942056e+03,-4.999999987906140753e-01,-2.526823352023190861e-01
1.273503081016661554e+03,-4.999999987575522997e-01,-2.579734082320755961e-01
1.300169578033290009e+03,-4.999999987246579458e-01,-2.633752758692452511e-01
1.327394457729738861e+03,-4.999999986920700690e-01,-2.688902582413017495e-01
1.355189412351035116e+03,-4.999999986599530377e-01,-2.745207240673293025e-01
1.383566378971779613e+03,-4.999999986284847653e-01,-2.802690916761041429e-01
1.412537544622754012e+03,-4.999999985978642036e-01,-2.861378300455340584e-01
1.442115351524868174e+03,-4.999999985683182269e-01,-2.921294598639023743e-01
1.472312502432717793e+03,-4.999999985400992442e-01,-2.982465546133795109e-01
1.503141966090020787e+03,-4.999999985134797598e-01,-3.044917416762671358e-01
1.534616982799294192e+03,-4.999999984887765758e-01,-3.108677034644570791e-01
1.566751070108148497e+03,-4.999999984663258124e-01,-3.173771785725904016e-01
1.599558028614667819e+03,-4.999999984465123282e-01,-3.240229629554232660e-01
1.633051947894332898e+03,-4.999999984297571753e-01,-3.308079111299018216e-01
1.667247212551062603e+03,-4.999999984165292566e-01,-3.377349374024726236e-01
1.702158508394950104e+03,-4.999999984073380532e-01,-3.448070171221578328e-01
1.737800828749374432e+03,-4.999999984027557742e-01,-3.520271879599445319e-01
1.774189480890164532e+03,-4.999999984034084743e-01,-3.593985512150359440e-01
1.811340092619600682e+03,-4.999999984099857131e-01,-3.669242731485372611e-01
1.849268618978077939e+03,-4.999999984232504913e-01,-3.746075863451557852e-01
1.887991349096292652e+03,-4.999999984440363088e-01,-3.824517911035025253e-01
1.927524913190934740e+03,-4.999999984732677039e-01,-3.904602568556087006e-01
1.967886289706842945e+03,-4.999999985119516488e-01,-3.986364236162651120e-01
2.009092812608727854e+03,-4.999999985611996989e-01,-4.069838034628238121e-01
2.051162178825564752e+03,-4.999999986222272708e-01,-4.155059820461009523e-01
2.094112455850891365e+03,-4.999999986963806764e-01,-4.242066201330458308e-01
2.137962089502230356e+03,-4.999999987851155847e-01,-4.330894551818421645e-01
2.182729911843001446e+03,-4.999999988900417081e-01,-4.421583029501359730e-01
2.228435149270303100e+03,-4.999999990129191385e-01,-4.514170591370854080e-01
2.275097430772069401e+03,-4.999999991556794421e-01,-4.608697010599613342e-01
2.322736796357105050e+03,-4.999999993204268245e-01,-4.705202893660203056e-01
2.371373705661652821e+03,-4.999999995094697725e-01,-4.803729697804057786e-01
2.421029046736177406e+03,-4.999999997253385398e-01,-4.904319748908461674e-01
2.471724145016129114e+03,-4.999999999707910314e-01,-5.007016259699242910e-01
2.523480772480572796e+03,-5.000000002488518280e-01,-5.111863348357286174e-01
2.576321157002572818e+03,-5.000000005628172373e-01,-5.218906057516941033e-01
2.630267991895381329e+03,-5.000000009162929304e-01,-5.328190373664762891e-01
2.685344445658506174e+03,-5.000000013132178678e-01,-5.439763246947029174e-01
2.741574171927880798e+03,-5.000000017578902778e-01,-5.553672611394928627e-01
2.798981319634360261e+03,-5.000000022550098455e-01,-5.669967405576139541e-01
2.857590543374943081e+03,-5.000000028097004723e-01,-5.788697593682073927e-01
2.917427014001165844e+03,-5.000000034275584593e-01,-5.909914187060053559e-01
2.978516429429188065e+03,-5.000000041146843710e-01,-6.033669266199933601e-01
3.040885025676276655e+03,-5.000000048777358819e-01,-6.160016003184993760e-01
3.104559588128352516e+03,-5.000000057239797346e-01,-6.289008684616975708e-01
3.169567463043490079e+03,-5.000000066613293770e-01,-6.420702735025507479e-01
3.235936569296280595e+03,-5.000000076984243425e-01,-6.555154740772313193e-01
3.303695410368145076e+03,-5.000000088446711066e-01,-6.692422474460919535e-01
3.372873086588685510e+03,-5.000000101103367900e-01,-6.832564919862654795e-01
3.443499307633384433e+03,-5.000000115066000062e-01,-6.975642297370198142e-01
3.515604405282979769e+03,-5.000000130456460079e-01,-7.121716089989982290e-01
3.589219346450049670e+03,-5.000000147407499540e-01,-7.270849069885217952e-01
3.664375746478329347e+03,-5.000000166063743867e-01,-7.423105325481363925e-01
3.741105882720528825e+03,-5.000000186582758133e-01,-7.578550289146337438e-01
3.819442708400464653e+03,-5.000000209136064022e-01,-7.737250765457903690e-01
3.899419866765431834e+03,-5.000000233910573133e-01,-7.899274960071016594e-01
3.981071705534969169e+03,-5.000000261109759370e-01,-8.064692509198302384e-01
4.064433291652123444e+03,-5.000000290955188831e-01,-8.233574509716896639e-01
4.149540426343628496e+03,-5.000000323688053028e-01,-8.405993549915490304e-01
4.236429660495408825e+03,-5.000000359570897501e-01,-8.582023740895484698e-01
4.325138310350083884e+03,-5.000000398889612452e-01,-8.761740748640800547e-01
4.415704473533121018e+03,-5.000000441955252395e-01,-8.945221826770818341e-01
4.508167045414600580e+03,-5.000000489106435353e-01,-9.132545849991675624e-01
4.602565735813558604e+03,-5.000000540711645458e-01,-9.323793348261233405e-01
4.698941086052151149e+03,-5.000000597171881944e-01,-9.519046541683665597e-01
4.797334486366887177e+03,-5.000000658923379193e-01,-9.718389376149626502e-01
4.897788193684456019e+03,-5.000000726440928522e-01,-9.921907559738755156e-01
5.000345349769782842e+03,-5.000000800241003462e-01,-1.012968859990142967e+00
5.105049999754059172e+03,-5.000000880885513421e-01,-1.034182184143714656e+00
5.211947111050800231e+03,-5.000000968985723881e-01,-1.055839850528750512e+00
5.321082592667935387e+03,-5.000001065206529649e-01,-1.077951172816187242e+00
5.432503314924330880e+03,-5.000001170271222151e-01,-1.100525660301467035e+00
5.546257129579104912e+03,-5.000001284966483217e-01,-1.123573022039336733e+00
5.662392890382529004e+03,-5.000001410147904002e-01,-1.147103171067705984e+00
5.780960474057174906e+03,-5.000001546746053460e-01,-1.171126228722567886e+00
5.902010801718442963e+03,-5.000001695772898769e-01,-1.195652529046071777e+00
6.025595860743575031e+03,-5.000001858328998461e-01,-1.220692623289864720e+00
6.151768727098677118e+03,-5.000002035611095241e-01,-1.246257284515910335e+00
6.280583588133173180e+03,-5.000002228920559233e-01,-1.272357512296994564e+00
6.412095765851609031e+03,-5.000002439672386334e-01,-1.299004537519250491e+00
6.546361740672747146e+03,-5.000002669405205769e-01,-1.326209827289052567e+00
6.683439175686142335e+03,-5.000002919791903810e-01,-1.353985089946711629e+00
6.823386941416690206e+03,-5.000003192651256700e-01,-1.382342280189475803e+00
6.966265141107679483e+03,-5.000003489960812564e-01,-1.411293604306383731e+00
7.112135136533288460e+03,-5.000003813870395053e-01,-1.440851525527627519e+00
7.261059574351543233e+03,-5.000004166717183507e-01,-1.471028769491109056e+00
7.413102413009169140e+03,-5.000004551042067646e-01,-1.501838329829011442e+00
7.568328950209735922e+03,-5.000004969607105831e-01,-1.533293473877215485e+00
7.726805850957020994e+03,-5.000005425414923987e-01,-1.565407748510534214e+00
7.888601176185541590e+03,-5.000005921729417935e-01,-1.598194986106783233e+00
8.053784411990660374e+03,-5.000006462098531834e-01,-1.631669310642829718e+00
8.222426499470704584e+03,-5.000007050378818541e-01,-1.665845143925820171e+00
8.394599865193964433e+03,-5.000007690762167112e-01,-1.700737211962893403e+00
8.570378452303692029e+03,-5.000008387805028320e-01,-1.736360551472823310e+00
8.749837752274355807e+03,-5.000009146459775122e-01,-1.772730516543054247e+00
8.933054837332943862e+03,-5.000009972109267231e-01,-1.809862785435816246e+00
9.120108393559086835e+03,-5.000010870603911473e-01,-1.847773367547003831e+00
9.311078754678301266e+03,-5.000011848302395867e-01,-1.886478610521702626e+00
9.506047936562808900e+03,-5.000012912115565644e-01,-1.925995207530322828e+00
9.705099672454889514e+03,-5.000014069554356011e-01,-1.966340204709474904e+00
9.908319448927664780e+03,-5.000015328781738377e-01,-2.007531008771779035e+00
1.011579454259898193e+04,-5.000016698669103032e-01,-2.049585394789027237e+00
1.032761405761395872e+04,-5.000018188857811019e-01,-2.092521514153185880e+00
1.054386896391258051e+04,-5.000019809825706485e-01,-2.136357902719955959e+00
1.076465213629834943e+04,-5.000021572959609806e-01,-2.181113489139646866e+00
1.099005839432519679e+04,-5.000023490634037948e-01,-2.226807603380447365e+00
1.122018454301962993e+04,-5.000025576296623919e-01,-2.273459985449211018e+00
1.145512941445533761e+04,-5.000027844561122370e-01,-2.321090794315078476e+00
1.169499391019870200e+04,-5.000030311308387709e-01,-2.369720617041574773e+00
1.193988104464272874e+04,-5.000032993795934244e-01,-2.419370478132770064e+00
1.218989598924864913e+04,-5.000035910777071990e-01,-2.470061849099594919e+00
1.244514611771384443e+04,-5.000039082630580722e-01,-2.521816658252375554e+00
1.270574105208541914e+04,-5.000042531501116549e-01,-2.574657300725969211e+00
1.297179270983954666e+04,-5.000046281452221741e-01,-2.628606648744189478e+00
1.324341535194664539e+04,-5.000050358632320835e-01,-2.683688062130357377e+00
1.352072563194275244e+04,-5.000054791455066372e-01,-2.739925399071047707e+00
1.380384264602883741e+04,-5.000059610795420939e-01,-2.797343027140592575e+00
1.409288798421874526e+04,-5.000064850202510236e-01,-2.855965834593843677e+00
1.438798578255843677e+04,-5.000070546131151206e-01,-2.915819241935349471e+00
1.468926277643866160e+04,-5.000076738193079962e-01,-2.976929213773197969e+00
1.499684835502371061e+04,-5.000083469430096628e-01,-3.039322270966109407e+00
1.531087461682028697e+04,-5.000090786610830174e-01,-3.103025503072917246e+00
1.563147642640953745e+04,-5.000098740553080567e-01,-3.168066581113634150e+00
1.595879147236730387e+04,-5.000107386474057503e-01,-3.234473770651971947e+00
1.629296032639721489e+04,-5.000116784370971512e-01,-3.302275945209443453e+00
1.663412650370169649e+04,-5.000126999434377773e-01,-3.371502600021529794e+00
1.698243652461742386e+04,-5.000138102497452275e-01,-3.442183866147085158e+00
1.733803997754137526e+04,-5.000150170523980364e-01,-3.514350524942394305e+00
1.770108958317418364e+04,-5.000163287138477131e-01,-3.588034022911819498e+00
1.807174126010925829e+04,-5.000177543202287689e-01,-3.663266486947722278e+00
1.845015419179473611e+04,-5.000193037439502053e-01,-3.740080739972497348e+00
1.883649089489798280e+04,-5.000209877116708057e-01,-3.818510316996566623e+00
1.923091728910157690e+04,-5.000228178781866983e-01,-3.898589481606458573e+00
1.963360276836043340e+04,-5.000248069066821621e-01,-3.980353242897854305e+00
2.004472027365159374e+04,-5.000269685559250998e-01,-4.063837372869270936e+00
2.046444636724673910e+04,-5.000293177749992601e-01,-4.149078424292488521e+00
2.089296130854036528e+04,-5.000318708062255757e-01,-4.236113749076876545e+00
2.133044913146574982e+04,-5.000346452969801625e-01,-4.324981517145395138e+00
2.177709772353159133e+04,-5.000376604211749232e-01,-4.415720735840767297e+00
2.223309890651400565e+04,-5.000409370112426366e-01,-4.508371269881527255e+00
2.269864851883821393e+04,-5.000444977015184866e-01,-4.602973861888247420e+00
2.317394649968474914e+04,-5.000483670840387695e-01,-4.699570153501257508e+00
2.365919697485756478e+04,-5.000525718777788509e-01,-4.798202707112481313e+00
2.415460834444940701e+04,-5.000571411125259713e-01,-4.898915028234584135e+00
2.466039337234336199e+04,-5.000621063286515566e-01,-5.001751588532265203e+00
2.517676927758854436e+04,-5.000675017941431655e-01,-5.106757849541393668e+00
2.570395782768859135e+04,-5.000733647403903248e-01,-5.213980287102925715e+00
2.624218543384439181e+04,-5.000797356183476206e-01,-5.323466416540205692e+00
2.679168324819031477e+04,-5.000866583768366347e-01,-5.435264818609077508e+00
2.735268726306708049e+04,-5.000941807648926485e-01,-5.549425166252269115e+00
2.792543841237336164e+04,-5.001023546602560987e-01,-5.665998252190682649e+00
2.851018267503909738e+04,-5.001112364262032539e-01,-5.785036017385781548e+00
2.910717118066602052e+04,-5.001208872992743970e-01,-5.906591580409365605e+00
2.971666031738025413e+04,-5.001313738104363749e-01,-6.030719267758402502e+00
3.033891184194265588e+04,-5.001427682426907717e-01,-6.157474645154491277e+00
3.097419299216578293e+04,-5.001551491281681638e-01,-6.286914549869898394e+00
3.162277660168379225e+04,-5.001686017882031043e-01,-6.419097124123505971e+00
3.228494121712631022e+04,-5.001832189200421386e-01,-6.554081849592854780e+00
3.296097121774576226e+04,-5.001991012342589249e-01,-6.691929583090287181e+00
3.365115693754901440e+04,-5.002163581471861242e-01,-6.832702593453564788e+00
3.435579478998742707e+04,-5.002351085331944169e-01,-6.976464599704335967e+00
3.507518739525679121e+04,-5.002554815419348877e-01,-7.123280810529597495e+00
3.580964371026355366e+04,-5.002776174861310876e-01,-7.273217965144887387e+00
3.655947916131246893e+04,-5.003016688060814010e-01,-7.426344375600216985e+00
3.732501577957206609e+04,-5.003278011173976081e-01,-7.582729970592828828e+00
3.810658233937725890e+04,-5.003561943492476072e-01,-7.742446340854225006e+00
3.890451449942804902e+04,-5.003870439808179027e-01,-7.905566786181934091e+00
3.971915494694397057e+04,-5.004205623845608963e-01,-8.072166364189648391e+00
4.055085354483834817e+04,-5.004569802853354732e-01,-8.242321940853553741e+00
4.139996748197304260e+04,-5.004965483454960617e-01,-8.416112242935305687e+00
4.226686142656025186e+04,-5.005395388867750484e-01,-8.593617912366896761e+00
4.315190768277650204e+04,-5.005862477606835004e-01,-8.774921562685836562e+00
4.405548635065524286e+04,-5.006369963802964618e-01,-8.960107837613184856e+00
4.497798548932874837e+04,-5.006921339272731863e-01,-9.149263471871691422e+00
4.591980128368685109e+04,-5.007520397491918018e-01,-9.342477354344506324e+00
4.688133821452645498e+04,-5.008171259635715300e-01,-9.539840593680448677e+00
4.786300923226379382e+04,-5.008878402863689017e-01,-9.741446586455408507e+00
4.886523593428335880e+04,-5.009646691042155542e-01,-9.947391088004174264e+00
4.988844874600117328e+04,-5.010481408113726109e-01,-1.015777228604199500e+01
5.093308710571951815e+04,-5.011388294340660687e-01,-1.037269087719930560e+01
5.199959965335150628e+04,-5.012373585669388509e-01,-1.059225014659770281e+01
5.308844442309880105e+04,-5.013444056483363775e-01,-1.081655605060046277e+01
5.420008904016238375e+04,-5.014607066034546534e-01,-1.104571730287451281e+01
5.533501092157360108e+04,-5.015870608868949754e-01,-1.127984546390618981e+01
5.649369748123022146e+04,-5.017243369587451873e-01,-1.151905503411683362e+01
5.767664633922497160e+04,-5.018734782313130083e-01,-1.176346355072824856e+01
5.888436553555884166e+04,-5.020355095266217926e-01,-1.201319168853277830e+01
6.011737374832779460e+04,-5.022115440883341275e-01,-1.226836336472483246e+01
6.137620051647932996e+04,-5.024027911952795300e-01,-1.252910584795510296e+01
6.266138646723349666e+04,-5.026105644278290319e-01,-1.279554987177024117e+01
6.397348354826481955e+04,-5.028362906425987156e-01,-1.306782975260258084e+01
6.531305526474716316e+04,-5.030815197155978913e-01,-1.334608351247617009e+01
6.668067692136218830e+04,-5.033479351189344975e-01,-1.363045300659447179e+01
6.807693586937403597e+04,-5.036373654015966483e-01,-1.392108405597410048e+01
6.950243175887962570e+04,-5.039517966506307234e-01,-1.421812658528706841e+01
7.095777679633887601e+04,-5.042933860153431258e-01,-1.452173476606836466e+01
7.244359600749891251e+04,-5.046644763838610270e-01,-1.483206716544125392e+01
7.396052750582374574e+04,-5.050676123086873526e-01,-1.514928690050311566e+01
7.550922276654325833e+04,-5.055055572857427570e-01,-1.547356179850400082e+01
7.709034690644292277e+04,-5.059813124997162292e-01,-1.580506456293710293e+01
7.870457896950985014e+04,-5.064981371576146030e-01,-1.614397294564159324e+01
8.035261221856161137e+04,-5.070595705420886112e-01,-1.649046992499877362e+01
8.203515443298176979e+04,-5.076694559263825735e-01,-1.684474389027566232e+01
8.375292821268824628e+04,-5.083319665039069957e-01,-1.720698883213967889e+01
8.550667128846823471e+04,-5.090516334972030599e-01,-1.757740453933199731e+01
8.729713683881112956e+04,-5.098333766236156084e-01,-1.795619680144329067e+01
8.912509381337440573e+04,-5.106825371084059428e-01,-1.834357761768458417e+01
9.099132726322507369e+04,-5.116049134502310691e-01,-1.873976541148764241e+01
9.289663867799362924e+04,-5.126068001588286460e-01,-1.914498525069835821e+01
9.484184633008958190e+04,-5.136950297007105704e-01,-1.955946907304830162e+01
9.682778562612486712e+04,-5.148770179051562756e-01,-1.998345591649589181e+01
9.885530946569370280e+04,-5.161608131003672106e-01,-2.041719215392195252e+01
1.009252886076683208e+05,-5.175551492676810916e-01,-2.086093173154388225e+01
1.030386120441615931e+05,-5.190695035206629449e-01,-2.131493641027033092e+01
1.051961873823221395e+05,-5.207141582353181919e-01,-2.177947600906138703e+01
1.073989412341244024e+05,-5.225002681775106073e-01,-2.225482864917639603e+01
1.096478196143185050e+05,-5.244399329939068988e-01,-2.274128099798548419e+01
1.119437883467150095e+05,-5.265462754529642853e-01,-2.323912851078921804e+01
1.142878334789771034e+05,-5.288335258426950514e-01,-2.374867566882654657e+01
1.166809617060960591e+05,-5.313171129512987978e-01,-2.427023621135450782e+01
1.191242008027373813e+05,-5.340137620756393311e-01,-2.480413335935211805e+01
1.216186000646367902e+05,-5.369416005195928321e-01,-2.535070002802491018e+01
1.241652307592409343e+05,-5.401202710595952583e-01,-2.591027902487237711e+01
1.267651865857844823e+05,-5.435710538671726377e-01,-2.648322322961436015e+01
1.294195841449983709e+05,-5.473169973870296579e-01,-2.706989575175568419e+01
1.321295634186573734e+05,-5.513830586736702122e-01,-2.767067006099913584e+01
1.348962882591653324e+05,-5.557962536877620874e-01,-2.828593008508243045e+01
1.377209468893944577e+05,-5.605858180447538253e-01,-2.891607026892435428e+01
1.406047524129912781e+05,-5.657833786906283358e-01,-2.956149558820390411e+01
1.435489433353655913e+05,-5.714231369512038361e-01,-3.022262150966817273e+01
1.465547840955909924e+05,-5.775420633601728859e-01,-3.089987388956891223e+01
1.496235656094432925e+05,-5.841801046144516896e-01,-3.159368880065839136e+01
1.527566058238070109e+05,-5.913804029306400922e-01,-3.230451227713851381e+01
1.559552502826952259e+05,-5.991895279804029251e-01,-3.303279996585784772e+01
1.592208727051169844e+05,-6.076577214619531819e-01,-3.377901667088722348e+01
1.625548755750481796e+05,-6.168391542155050589e-01,-3.454363577739805891e+01
1.659586907437559566e+05,-6.267921956088294833e-01,-3.532713853952004257e+01
1.694337800447325280e+05,-6.375796947000464954e-01,-3.613001321559230661e+01
1.729816359215099656e+05,-6.492692724241604374e-01,-3.695275403297071648e+01
1.766037820686163905e+05,-6.619336237425733627e-01,-3.779585996333606346e+01
1.803017740859565965e+05,-6.756508283362814282e-01,-3.865983328831834598e+01
1.840772001468954550e+05,-6.905046680087812971e-01,-3.954517793424601990e+01
1.879316816803268448e+05,-7.065849484898254484e-01,-4.045239755401655657e+01
1.918668740670287225e+05,-7.239878227925555798e-01,-4.138199333353695408e+01
1.958844673505988903e+05,-7.428161126715384643e-01,-4.233446149997870833e+01
1.999861869632740854e+05,-7.631796240573130996e-01,-4.331029050933695146e+01
2.041737944669527351e+05,-7.851954516053218924e-01,-4.430995789159057807e+01
2.084490883097288606e+05,-8.089882666975416470e-01,-4.533392673324479460e+01
2.128139045982708922e+05,-8.346905823816597181e-01,-4.638264177935408838e+01
2.172701178863743262e+05,-8.624429878370023506e-01,-4.745652514040195058e+01
2.218196419800214935e+05,-8.923943440358641510e-01,-4.855597159381791528e+01
2.264644307593057165e+05,-9.247019313470900004e-01,-4.968134347559450248e+01
2.312064790175594098e+05,-9.595315389354562852e-01,-5.083296516455980907e+01
2.360478233180573443e+05,-9.970574849844325849e-01,-5.201111717051092853e+01
2.409905428686593077e+05,-1.037462556056388374e+00,-5.321602984769486255e+01
2.460367604147627426e+05,-1.080937853358459932e+00,-5.444787676709899671e+01
2.511886431509577087e+05,-1.127682533365917061e+00,-5.570676779466815276e+01
2.564484036517716304e+05,-1.177903430236364679e+00,-5.699274193779366726e+01
2.618183008218980685e+05,-1.231814547801894921e+00,-5.830576003903183135e+01
2.673006408663308830e+05,-1.289636409726857336e+00,-5.964569741368454459e+01
2.728977782808040502e+05,-1.351595257739472977e+00,-6.101233654613999846e+01
2.786121168629766325e+05,-1.417922089751826320e+00,-6.240535997813795888e+01
2.844461107447913964e+05,-1.488851532225391239e+00,-6.382434353960553608e+01
2.904022654464445077e+05,-1.564620544349412334e+00,-6.526875008850463189e+01
2.964831389524339465e+05,-1.645466955478190219e+00,-6.673792393920369648e+01
3.026913428101304453e+05,-1.731627841785065236e+00,-6.823108616808323745e+01
3.090295432513585547e+05,-1.823337753158261076e+00,-6.974733098926499508e+01
3.155004623374624061e+05,-1.920826806858519475e+00,-7.128562339136168191e+01
3.221068791283434839e+05,-2.024318670203801407e+00,-7.284479821698104729e+01
3.288516308759826352e+05,-2.134028460315581910e+00,-7.442356084960569262e+01
3.357376142429545289e+05,-2.250160594483316068e+00,-7.602048964693400990e+01
3.427677865464497590e+05,-2.372906629677954626e+00,-7.763404022579251773e+01
3.499451670283568674e+05,-2.502443133854787671e+00,-7.926255166178926004e+01
3.572728381519288523e+05,-2.638929634617674047e+00,-8.090425461798886886e+01
3.647539469256072771e+05,-2.782506692292069594e+00,-8.255728136267812545e+01
3.723917062545683002e+05,-2.933294144245247814e+00,-8.421967757885889228e+01
3.801893963205604814e+05,-3.091389565254091920e+00,-8.588941581002647752e+01
3.881503659906478133e+05,-3.256866984809305698e+00,-8.756441033092136195e+01
3.962780342554393574e+05,-3.429775896524899892e+00,-8.924253318119933454e+01
4.045758916974420426e+05,-3.610140587482941754e+00,-9.092163105721505190e+01
4.130475019901610212e+05,-3.797959806679338080e+00,-9.259954272480320014e+01
4.216965034285822767e+05,-3.993206782141267119e+00,-9.427411659602370264e+01
4.305266104917101329e+05,-4.195829586220916063e+00,-9.594322810652853661e+01
4.395416154378242791e+05,-4.405751838527772080e+00,-9.760479653787771781e+01
4.487453899331313442e+05,-4.622873726438179176e+00,-9.925680095032740269e+01
4.581418867145330296e+05,-4.847073314571384905e+00,-1.008972949250404270e+02
4.677351412871981156e+05,-5.078208107427556683e+00,-1.025244198583186233e+02
4.775292736576902098e+05,-5.316116823835603356e+00,-1.041364166018271362e+02
4.875284901033859933e+05,-5.560621338128020952e+00,-1.057316352989996204e+02
4.977370849789350177e+05,-5.811528741104481810e+00,-1.073085433259477668e+02
5.081594425605599536e+05,-6.068633473810837842e+00,-1.088657313024262692e+02
5.188000389289609739e+05,-6.331719488786923478e+00,-1.104019171921779758e+02
5.296634438916569343e+05,-6.600562396498523832e+00,-1.119159485602581441e+02
5.407543229455804685e+05,-6.874931558875769788e+00,-1.134068030961330464e+02
5.520774392807573313e+05,-7.154592096921714273e+00,-1.148735875445105989e+02
5.636376558259536978e+05,-7.439306784915213910e+00,-1.163155352105646756e+02
5.754399373371566180e+05,-7.728837809509307100e+00,-1.177320022225236471e+02
5.874893525297757005e+05,-8.022948377756403460e+00,-1.191224627430153191e+02
5.997910762555088149e+05,-8.321404163552728050e+00,-1.204865033219049053e+02
6.123503917247733334e+05,-8.623974587010609483e+00,-1.218238165786383718e+02
6.251726927756848745e+05,-8.930433925721265709e+00,-1.231341943924774682e+02
6.382634861905482830e+05,-9.240562260684306750e+00,-1.244175207656263638e+02
6.516283940608414123e+05,-9.554146262823971725e+00,-1.256737645082444175e+02
6.652731562017406104e+05,-9.870979828492357555e+00,-1.269029718767449282e+02
6.792036326171841938e+05,-1.019086457420434400e+01,-1.281052592784805029e+02
6.934258060165678617e+05,-1.051361020211738229e+01,-1.292808061376853743e+02
7.079457843841373688e+05,-1.083903474852199444e+01,-1.304298479999538642e+02
7.227698036021701992e+05,-1.116696472792243533e+01,-1.315526699360470673e+02
7.379042301291001495e+05,-1.149723518523765620e+01,-1.326496002907376237e+02
7.533555637337169610e+05,-1.182968966830951096e+01,-1.337210048089085035e+02
7.691304402866082964e+05,-1.216418013234059714e+01,-1.347672811593132849e+02
7.852356346100709634e+05,-1.250056678715834302e+01,-1.357888538662863596e+02
8.016780633876789361e+05,-1.283871789736577185e+01,-1.367861696511984917e+02
8.184647881347886287e+05,-1.317850954454346279e+01,-1.377596931785045626e+02
8.356030182312475517e+05,-1.351982535974327249e+01,-1.387099031956799706e+02
8.531001140175877372e+05,-1.386255623359522104e+01,-1.396372890520535179e+02
8.709635899560794933e+05,-1.420660001045808940e+01,-1.405423475783690890e+02
8.892011178579480620e+05,-1.455186117219356490e+01,-1.414255803066773751e+02
9.078205301781842718e+05,-1.489825051635206421e+01,-1.422874910087481624e+02
9.268298233793484978e+05,-1.524568483282557629e+01,-1.431285835304458942e+02
9.462371613657929702e+05,-1.559408658235761358e+01,-1.439493598993147714e+02
9.660508789898121031e+05,-1.594338357970278963e+01,-1.447503186828622859e+02
9.862794856312099146e+05,-1.629350868369537508e+01,-1.455319535756059111e+02
1.006931668851802358e+06,-1.664439949601728586e+01,-1.462947521937833812e+02
1.028016298126472509e+06,-1.699599807004832996e+01,-1.470391950576474756e+02
1.049542428652322153e+06,-1.734825063082600138e+01,-1.477657547424056474e+02
1.071519305237604771e+06,-1.770110730684193356e+01,-1.484748951800887937e+02
1.093956366272093030e+06,-1.805452187414419640e+01,-1.491670710958872803e+02
1.116863247780558886e+06,-1.840845151299973637e+01,-1.498427275637526748e+02
1.140249787561167264e+06,-1.876285657719386535e+01,-1.505022996673104956e+02
1.164126029410490766e+06,-1.911770037589575821e+01,-1.511462122533297645e+02
1.188502227437016554e+06,-1.947294896790240415e+01,-1.517748797661551521e+02
1.213388850464976160e+06,-1.982857096797884466e+01,-1.523887061525989282e+02
1.238796586530369008e+06,-2.018453736493938777e+01,-1.529880848278221777e+02
1.264736347471149638e+06,-2.054082135106067852e+01,-1.535733986936954238e+02
1.291219273613533471e+06,-2.089739816237648995e+01,-1.541450202020184577e+02
1.318256738556404831e+06,-2.125424492937689891e+01,-1.547033114558005025e+02
1.345860354055946926e+06,-2.161134053761902152e+01,-1.552486243425568375e+02
1.374041975012514740e+06,-2.196866549774647126e+01,-1.557813006942614606e+02
1.402813704561955994e+06,-2.232620182441574030e+01,-1.563016724692247408e+02
1.432187899273542454e+06,-2.268393292363123592e+01,-1.568100619517280734e+02
1.462177174456715351e+06,-2.304184348799984150e+01,-1.573067819657591713e+02
1.492794409578994382e+06,-2.339991939943005406e+01,-1.577921360996531916e+02
1.524052753797290614e+06,-2.375814763881407998e+01,-1.582664189388542582e+02
1.555965631605071947e+06,-2.411651620225066850e+01,-1.587299163043845738e+02
1.588546748597777449e+06,-2.447501402338411225e+01,-1.591829054949345448e+02
1.621810097358929925e+06,-2.483363090145424934e+01,-1.596256555307816143e+02
1.655769963469525799e+06,-2.519235743467357480e+01,-1.600584273980061596e+02
1.690440931643263437e+06,-2.555118495856692817e+01,-1.604814742917017725e+02
1.725837891990200384e+06,-2.591010548892903032e+01,-1.608950418570809120e+02
1.761976046411627438e+06,-2.626911166907672879e+01,-1.612993684275575390e+02
1.798870915128787281e+06,-2.662819672108968660e+01,-1.616946852590425294e+02
1.836538343348343624e+06,-2.698735440075449787e+01,-1.620812167598299425e+02
1.874994508067417424e+06,-2.734657895594360255e+01,-1.624591807155686638e+02
1.914255925021081930e+06,-2.770586508817810412e+01,-1.628287885089214342e+02
1.954339455775392242e+06,-2.806520791714119056e+01,-1.631902453336046790e+02
1.995262314968878636e+06,-2.842460294792263653e+01,-1.635437504025790645e+02
2.037042077705714619e+06,-2.878404604079184992e+01,-1.638894971502327280e+02
2.079696687103693839e+06,-2.914353338330977650e+01,-1.642276734284540680e+02
2.123244462000219151e+06,-2.950306146460313172e+01,-1.645584616965428495e+02
2.167704104819691740e+06,-2.986262705163816733e+01,-1.648820392049511838e+02
2.213094709605636541e+06,-3.022222716734167847e+01,-1.651985781728810139e+02
2.259435770220973529e+06,-3.058185907042818741e+01,-1.655082459597951754e+02
2.306747188720066566e+06,-3.094152023680342012e+01,-1.658112052309249975e+02
2.355049283896008972e+06,-3.130120834242222827e+01,-1.661076141168769595e+02
2.404362800006929785e+06,-3.166092124748974967e+01,-1.663976263674590825e+02
2.454708915685028769e+06,-3.202065698190176590e+01,-1.666813914998601263e+02
2.506109253032108769e+06,-3.238041373182798566e+01,-1.669590549413258032e+02
2.558585886905642692e+06,-3.274018982735063332e+01,-1.672307581664847760e+02
2.612161354399205185e+06,-3.309998373107501379e+01,-1.674966388294816113e+02
2.666858664521475323e+06,-3.345979402763746435e+01,-1.677568308910801136e+02
2.722701308077909518e+06,-3.381961941404025396e+01,-1.680114647409005784e+02
2.779713267759288196e+06,-3.417945869074848986e+01,-1.682606673149577148e+02
2.837919028441552538e+06,-3.453931075349003521e+01,-1.685045622086637991e+02
2.897343587701321580e+06,-3.489917458570317166e+01,-1.687432697854632124e+02
2.958012466551540419e+06,-3.525904925158058489e+01,-1.689769072812595994e+02
3.019951720402013045e+06,-3.561893388966399243e+01,-1.692055889047973665e+02
3.083187950249353424e+06,-3.597882770694494070e+01,-1.694294259341536417e+02
3.147748314101310913e+06,-3.633872997343274136e+01,-1.696485268094953938e+02
3.213660538640314713e+06,-3.669864001715257729e+01,-1.698629972222510673e+02
3.280952931131183635e+06,-3.705855721953940929e+01,-1.700729402008425097e+02
3.349654391578272451e+06,-3.741848101119736469e+01,-1.702784561931192684e+02
3.419794425137087237e+06,-3.777841086799468684e+01,-1.704796431456312291e+02
3.491403154785855208e+06,-3.813834630746867305e+01,-1.706765965798729781e+02
3.564511334262439050e+06,-3.849828688551565392e+01,-1.708694096656271881e+02
3.639150361272070557e+06,-3.885823219334331213e+01,-1.710581732915302382e+02
3.715352290971720126e+06,-3.921818185466504758e+01,-1.712429761329786686e+02
3.793149849736816715e+06,-3.957813552311702665e+01,-1.714239047174903021e+02
3.872576449216164649e+06,-3.993809287987991752e+01,-1.716010434876297381e+02
3.953666200681274757e+06,-4.029805363148991404e+01,-1.717744748616029824e+02
4.036453929676048458e+06,-4.065801750782312496e+01,-1.719442792916216831e+02
4.120975190973295830e+06,-4.101798426024028998e+01,-1.721105353201338914e+02
4.207266283844437450e+06,-4.137795365987891216e+01,-1.722733196340132338e+02
4.295364267648863606e+06,-4.173792549608070601e+01,-1.724327071167946883e+02
4.385306977749851532e+06,-4.209789957494450618e+01,-1.725887708990417764e+02
4.477133041763623245e+06,-4.245787571799355220e+01,-1.727415824069253460e+02
4.570881896148742177e+06,-4.281785376094919116e+01,-1.728912114090912837e+02
4.666593803142881952e+06,-4.317783355260182532e+01,-1.730377260618906234e+02
4.764309868054156192e+06,-4.353781495377147337e+01,-1.731811929530419150e+02
4.864072056914608926e+06,-4.389779783635113830e+01,-1.733216771437934653e+02
4.965923214503358118e+06,-4.425778208242629574e+01,-1.734592422096486075e+02
5.069907082747033797e+06,-4.461776758346395866e+01,-1.735939502797154432e+02
5.176068319505671039e+06,-4.497775423956677798e+01,-1.737258620747388136e+02
5.284452517751802690e+06,-4.533774195878596913e+01,-1.738550369438698908e+02
5.395106225151267834e+06,-4.569773065648908528e+01,-1.739815329002263411e+02
5.508076964054029435e+06,-4.605772025477821785e+01,-1.741054066552931658e+02
5.623413251903478988e+06,-4.641771068195397731e+01,-1.742267136522118562e+02
5.741164622073268518e+06,-4.677770187202276020e+01,-1.743455080980045011e+02
5.861381645140283741e+06,-4.713769376424248492e+01,-1.744618429947748837e+02
5.984115950603186153e+06,-4.749768630270502001e+01,-1.745757701699292568e+02
6.109420249055714346e+06,-4.785767943595167395e+01,-1.746873403054558196e+02
6.237348354824191891e+06,-4.821767311661900379e+01,-1.747966029663003553e+02
6.367955209079149179e+06,-4.857766730111309528e+01,-1.749036066278740975e+02
6.501296903430902399e+06,-4.893766194930979907e+01,-1.750083987027282433e+02
6.637430704019076191e+06,-4.929765702427836516e+01,-1.751110255664268607e+02
6.776415076106742956e+06,-4.965765249202766540e+01,-1.752115325826505909e+02
6.918309709189362824e+06,-5.001764832127204841e+01,-1.753099641275590557e+02
7.063175542629607953e+06,-5.037764448321620847e+01,-1.754063636134418971e+02
7.211074791828989983e+06,-5.073764095135707208e+01,-1.755007735116840024e+02
7.362070974947345443e+06,-5.109763770130118843e+01,-1.755932353750712878e+02
7.516228940182045102e+06,-5.145763471059714789e+01,-1.756837898594615410e+02
7.673614893618186004e+06,-5.181763195858079030e+01,-1.757724767448433738e+02
7.834296427662104368e+06,-5.217762942623306799e+01,-1.758593349558055650e+02
7.998342550070275553e+06,-5.253762709604926329e+01,-1.759444025814386805e+02
8.165823713585906662e+06,-5.289762495191822467e+01,-1.760277168946884387e+02
8.336811846196331084e+06,-5.325762297901172104e+01,-1.761093143711809432e+02
8.511380382023759186e+06,-5.361762116368214492e+01,-1.761892307075378028e+02
8.689604292863002047e+06,-5.397761949336857867e+01,-1.762675008391993856e+02
8.871560120379598811e+06,-5.433761795651051330e+01,-1.763441589577726916e+02
9.057326008981997147e+06,-5.469761654246791238e+01,-1.764192385279201289e+02
9.246981739382211119e+06,-5.505761524144814700e+01,-1.764927723038050260e+02
9.440608762859225273e+06,-5.541761404443857941e+01,-1.765647923451081738e+02
9.638290236239684746e+06,-5.577761294314427687e+01,-1.766353300326301508e+02
9.840111057611323893e+06,-5.613761192993115401e+01,-1.767044160834924753e+02
1.004615790278394707e+07,-5.649761099777311557e+01,-1.767720805659509153e+02
1.025651926251405850e+07,-5.685761014020376081e+01,-1.768383529138333472e+02
1.047128548050898500e+07,-5.721760935127196035e+01,-1.769032619406142146e+02
1.069054879222655296e+07,-5.757760862550056657e+01,-1.769668358531366437e+02
1.091440336448754929e+07,-5.793760795784895379e+01,-1.770291022649937247e+02
1.114294533591729030e+07,-5.829760734367805242e+01,-1.770900882095792213e+02
1.137627285823428631e+07,-5.865760677871844564e+01,-1.771498201528176253e+02
1.161448613840341382e+07,-5.901760625904106661e+01,-1.772083240055837621e+02
1.185768748167159781e+07,-5.937760578102989939e+01,-1.772656251358207271e+02
1.210598133550480381e+07,-5.973760534135713129e+01,-1.773217483803656194e+02
1.235947433444509469e+07,-6.009760493696029471e+01,-1.773767180564912280e+02
1.261827534590668045e+07,-6.045760456502095792e+01,-1.774305579731723128e+02
1.288249551693132333e+07,-6.081760422294551205e+01,-1.774832914420842656e+02
1.315224832192237675e+07,-6.117760390834703088e+01,-1.775349412883416278e+02
1.342764961137861572e+07,-6.153760361902891418e+01,-1.775855298609844795e+02
1.370881766164852306e+07,-6.189760335296988814e+01,-1.776350790432190649e+02
1.399587322572614998e+07,-6.225760310830971633e+01,-1.776836102624197906e+02
1.428893958511100709e+07,-6.261760288333668001e+01,-1.777311444998996421e+02
1.458814260275347158e+07,-6.297760267647551302e+01,-1.777777023004543935e+02
1.489361077710912377e+07,-6.333760248627666556e+01,-1.778233037816878266e+02
1.520547529732493870e+07,-6.369760231140630680e+01,-1.778679686431229641e+02
1.552387009958081692e+07,-6.405760215063699547e+01,-1.779117161751058518e+02
1.584893192461110838e+07,-6.441760200283920312e+01,-1.779545652675066378e+02
1.618080037643064745e+07,-6.477760186697375389e+01,-1.779965344182238880e+02
1.651961798229011521e+07,-6.513760174208422882e+01,-1.780376417414968557e+02
1.686553025388738886e+07,-6.549760162729073443e+01,-1.780779049760310215e+02
1.721868574986005947e+07,-6.585760152178357885e+01,-1.781173414929415060e+02
1.757923613958689570e+07,-6.621760142481772959e+01,-1.781559683035190744e+02
1.794733626832524687e+07,-6.657760133570774030e+01,-1.781938020668233094e+02
1.832314422371207550e+07,-6.693760125382286219e+01,-1.782308590971070146e+02
1.870682140365797654e+07,-6.729760117858286605e+01,-1.782671553710766261e+02
1.909853258566236869e+07,-6.765760110945379324e+01,-1.783027065349922680e+02
1.949844599758041650e+07,-6.801760104594437450e+01,-1.783375279116112893e+02
1.990673338987184316e+07,-6.837760098760276151e+01,-1.783716345069799729e+02
2.032357010936220735e+07,-6.873760093401313043e+01,-1.784050410170759733e+02
2.074913517454906553e+07,-6.909760088479289664e+01,-1.784377618343059453e+02
2.118361135248500109e+07,-6.945760083959025621e+01,-1.784698110538616618e+02
2.162718523727015778e+07,-6.981760079808137220e+01,-1.785012024799377741e+02
2.208004733018896729e+07,-7.017760075996849878e+01,-1.785319496318149106e+02
2.254239212152428180e+07,-7.053760072497763645e+01,-1.785620657498109551e+02
2.301441817408504337e+07,-7.089760069285675570e+01,-1.785915638011038311e+02
2.349632820848305151e+07,-7.125760066337407750e+01,-1.786204564854288606e+02
2.398832919019484892e+07,-7.161760063631631112e+01,-1.786487562406533698e+02
2.449063241844741255e+07,-7.197760061148738941e+01,-1.786764752482317533e+02
2.500345361696429551e+07,-7.233760058870686294e+01,-1.787036254385434404e+02
2.552701302661241964e+07,-7.269760056780879154e+01,-1.787302184961168052e+02
2.606153549998892471e+07,-7.305760054864063591e+01,-1.787562658647412661e+02
2.660725059798808396e+07,-7.341760053106197859e+01,-1.787817787524704443e+02
2.716439268839077652e+07,-7.377760051494375659e+01,-1.788067681365187980e+02
2.773320104651838169e+07,-7.413760050016732350e+01,-1.788312447680540345e+02
2.831391995799373090e+07,-7.449760048662344047e+01,-1.788552191768878004e+02
2.890679882365471870e+07,-7.485760047421182151e+01,-1.788787016760667541e+02
2.951209226666384190e+07,-7.521760046284013868e+01,-1.789017023663667203e+02
3.013006024186115712e+07,-7.557760045242348212e+01,-1.789242311406912904e+02
3.076096814740704745e+07,-7.593760044288390532e+01,-1.789462976883779959e+02
3.140508693876209855e+07,-7.629760043414961501e+01,-1.789679114994131623e+02
3.206269324505460635e+07,-7.665760042615471548e+01,-1.789890818685582587e+02
3.273406948788379133e+07,-7.701760041883855479e+01,-1.790098178993891906e+02
3.341950400261135772e+07,-7.737760041214536955e+01,-1.790301285082505558e+02
3.411929116219281405e+07,-7.773760040602400068e+01,-1.790500224281269652e+02
3.483373150360116363e+07,-7.809760040042732498e+01,-1.790695082124330213e+02
3.556313185689847171e+07,-7.845760039531205621e+01,-1.790885942387238288e+02
3.630780547701010108e+07,-7.881760039063847501e+01,-1.791072887123275166e+02
3.706807217825751752e+07,-7.917760038636996001e+01,-1.791255996699021864e+02
3.784425847170928121e+07,-7.953760038247304465e+01,-1.791435349829180268e+02
3.863669770540689677e+07,-7.989760037891679190e+01,-1.791611023610666109e+02
3.944573020752777159e+07,-8.025760037567283689e+01,-1.791783093555994526e+02
4.027170343254586309e+07,-8.061760037271520218e+01,-1.791951633625963041e+02
4.111497211045213044e+07,-8.097760037001992828e+01,-1.792116716261655540e+02
4.197589839910069108e+07,-8.133760036756507361e+01,-1.792278412415780622e+02
4.285485203974392265e+07,-8.169760036533045877e+01,-1.792436791583353397e+02
4.375221051582511514e+07,-8.205760036329748175e+01,-1.792591921831741786e+02
4.466835921509625763e+07,-8.241760036144921742e+01,-1.792743869830085259e+02
4.560369159512959421e+07,-8.277760035976999120e+01,-1.792892700878104790e+02
4.655860935229582340e+07,-8.313760035824545014e+01,-1.793038478934309410e+02
4.753352259428048879e+07,-8.349760035686250603e+01,-1.793181266643623815e+02
4.852885001621200889e+07,-8.385760035560895176e+01,-1.793321125364434181e+02
4.954501908047895879e+07,-8.421760035447384496e+01,-1.793458115195078619e+02
5.058246620031137764e+07,-8.457760035344691119e+01,-1.793592294999787100e+02
5.164163692720700800e+07,-8.493760035251882812e+01,-1.793723722434081367e+02
5.272298614228221774e+07,-8.529760035168106924e+01,-1.793852453969651322e+02
5.382697825162870437e+07,-8.565760035092573332e+01,-1.793978544918714135e+02
5.495408738576237112e+07,-8.601760035024567230e+01,-1.794102049457869441e+02
5.610479760324700922e+07,-8.637760034963426392e+01,-1.794223020651461411e+02
5.727960309858280420e+07,-8.673760034908541172e+01,-1.794341510474456527e+02
5.847900841444800049e+07,-8.709760034859365874e+01,-1.794457569834848982e+02
5.970352865838366002e+07,-8.745760034815387485e+01,-1.794571248595603095e+02
6.095368972401680052e+07,-8.781760034776134205e+01,-1.794682595596139549e+02
6.223002851691588014e+07,-8.817760034741192499e+01,-1.794791658673382244e+02
6.353309318517421931e+07,-8.853760034710160198e+01,-1.794898484682365449e+02
6.486344335482374579e+07,-8.889760034682689138e+01,-1.795003119516418622e+02
6.622165037017615139e+07,-8.925760034658446784e+01,-1.795105608126935408e+02
6.760829753919805586e+07,-8.961760034637131866e+01,-1.795205994542728547e+02
6.902398038402411342e+07,-8.997760034618477221e+01,-1.795304321888994252e+02
7.046930689671452343e+07,-9.033760034602224209e+01,-1.795400632405878696e+02
7.194489780036982894e+07,-9.069760034588153985e+01,-1.795494967466662217e+02
7.345138681571143866e+07,-9.105760034576050543e+01,-1.795587367595572914e+02
7.498942093324543536e+07,-9.141760034565722037e+01,-1.795677872485228193e+02
7.655966069112554193e+07,-9.177760034556999358e+01,-1.795766521013719341e+02
7.816278045883291960e+07,-9.213760034549720501e+01,-1.795853351261342539e+02
7.979946872679752111e+07,-9.249760034543734832e+01,-1.795938400526987948e+02
8.147042840208387375e+07,-9.285760034538921559e+01,-1.796021705344186046e+02
8.317637711026692390e+07,-9.321760034535147099e+01,-1.796103301496831079e+02
8.491804750363126397e+07,-9.357760034532313398e+01,-1.796183224034571708e+02
8.669618757582160830e+07,-9.393760034530313874e+01,-1.796261507287893266e+02
8.851156098308339715e+07,-9.429760034529053314e+01,-1.796338184882882558e+02
9.036494737223005295e+07,-9.465760034528457822e+01,-1.796413289755693938e+02
9.225714271547609568e+07,-9.501760034528444976e+01,-1.796486854166714977e+02
9.418895965228398144e+07,-9.537760034528952247e+01,-1.796558909714441086e+02
9.616122783836637437e+07,-9.573760034529914265e+01,-1.796629487349065357e+02
9.817479430199824274e+07,-9.609760034531271344e+01,-1.796698617385787031e+02
1.002305238077898324e+08,-9.645760034532980853e+01,-1.796766329517849101e+02
1.023292992280753851e+08,-9.681760034534990211e+01,-1.796832652829305914e+02
1.044720219220800400e+08,-9.717760034537261049e+01,-1.796897615807527586e+02
1.066596121230254620e+08,-9.753760034539745050e+01,-1.796961246355448907e+02
1.088930093333431035e+08,-9.789760034542425160e+01,-1.797023571803565289e+02
1.111731727281589657e+08,-9.825760034545263011e+01,-1.797084618921683727e+02
1.135010815672314465e+08,-9.861760034548231602e+01,-1.797144413930428755e+02
1.158777356155126244e+08,-9.897760034551303931e+01,-1.797202982512516485e+02
1.183041555725160986e+08,-9.933760034554451579e+01,-1.797260349823793035e+02
1.207813835106777251e+08,-9.969760034557668860e+01,-1.797316540504048703e+02
1.233104833228907138e+08,-1.000576003456093446e+02,-1.797371578687607609e+02
1.258925411794166118e+08,-1.004176003456422706e+02,-1.797425488013702477e+02
1.285286659943615198e+08,-1.007776003456753529e+02,-1.797478291636633969e+02
1.312199899019198865e+08,-1.011376003457083925e+02,-1.797530012235721415e+02
1.339676687425931543e+08,-1.014976003457414322e+02,-1.797580672025052024e+02
1.367728825595846772e+08,-1.018576003457742871e+02,-1.797630292763025466e+02
1.396368361055936217e+08,-1.022176003458068863e+02,-1.797678895761705746e+02
1.425607593602187932e+08,-1.025776003458391159e+02,-1.797726501895979254e+02
1.455459080581966937e+08,-1.029376003458709761e+02,-1.797773131612526072e+02
1.485935642287002802e+08,-1.032976003459022962e+02,-1.797818804938604558e+02
1.517050367459333837e+08,-1.036576003459331901e+02,-1.797863541490659713e+02
1.548816618912479579e+08,-1.040176003459635155e+02,-1.797907360482750505e+02
1.581248039270382524e+08,-1.043776003459932724e+02,-1.797950280734806086e+02
1.614358556826486886e+08,-1.047376003460224183e+02,-1.797992320680713192e+02
1.648162391525503397e+08,-1.050976003460508679e+02,-1.798033498376236423e+02
1.682674061070463955e+08,-1.054576003460787348e+02,-1.798073831506775093e+02
1.717908387157586217e+08,-1.058176003461059480e+02,-1.798113337394962628e+02
1.753880501841760278e+08,-1.061776003461324649e+02,-1.798152033008110209e+02
1.790605854035294652e+08,-1.065376003461582997e+02,-1.798189934965494388e+02
1.828100216142736971e+08,-1.068976003461833955e+02,-1.798227059545499458e+02
1.866379690834665596e+08,-1.072576003462078944e+02,-1.798263422692609765e+02
1.905460717963244319e+08,-1.076176003462316686e+02,-1.798299040024260194e+02
1.945360081622661352e+08,-1.079776003462547749e+02,-1.798333926837544823e+02
1.986094917357371747e+08,-1.083376003462772132e+02,-1.798368098115790872e+02
2.027682719521275461e+08,-1.086976003462989127e+02,-1.798401568534993373e+02
2.070141348791037500e+08,-1.090576003463200152e+02,-1.798434352470120814e+02
2.113489039836643338e+08,-1.094176003463404641e+02,-1.798466464001290035e+02
2.157744409152664542e+08,-1.097776003463602734e+02,-1.798497916919815793e+02
2.202926463053455949e+08,-1.101376003463794575e+02,-1.798528724734134414e+02
2.249054605835773051e+08,-1.104976003463979168e+02,-1.798558900675607504e+02
2.296148648112356067e+08,-1.108576003464158788e+02,-1.798588457704204586e+02
2.344228815319918096e+08,-1.112176003464332439e+02,-1.798617408514071769e+02
2.393315756405385137e+08,-1.115776003464500263e+02,-1.798645765538983028e+02
2.443430552693971395e+08,-1.119376003464662261e+02,-1.798673540957683485e+02
2.494594726942955852e+08,-1.122976003464818859e+02,-1.798700746699118440e+02
2.546830252585034370e+08,-1.126576003464969489e+02,-1.798727394447559504e+02
2.600159563165266812e+08,-1.130176003465115286e+02,-1.798753495647621889e+02
2.654605561975536048e+08,-1.133776003465256252e+02,-1.798779061509181645e+02
2.710191631890841722e+08,-1.137376003465392102e+02,-1.798804103012190865e+02
2.766941645411512852e+08,-1.140976003465523263e+02,-1.798828630911393134e+02
2.824879974915698767e+08,-1.144576003465648881e+02,-1.798852655740942907e+02
2.884031503126599789e+08,-1.148176003465770805e+02,-1.798876187818932522e+02
2.944421633798757195e+08,-1.151776003465888039e+02,-1.798899237251820580e+02
3.006076302628229260e+08,-1.155376003466001436e+02,-1.798921813938776779e+02
3.069021988391157985e+08,-1.158976003466110427e+02,-1.798943927575930957e+02
3.133285724315575957e+08,-1.162576003466214871e+02,-1.798965587660538858e+02
3.198895109691390395e+08,-1.166176003466316047e+02,-1.798986803495062077e+02
3.265878321723353267e+08,-1.169776003466413528e+02,-1.799007584191162721e+02
3.334264127632347345e+08,-1.173376003466507314e+02,-1.799027938673616802e+02
3.404081897010009289e+08,-1.176976003466597689e+02,-1.799047875684150029e+02
3.475361614432046413e+08,-1.180576003466683801e+02,-1.799067403785188048e+02
3.548133892335745692e+08,-1.184176003466767355e+02,-1.799086531363538199e+02
3.622429984166980386e+08,-1.187776003466848067e+02,-1.799105266633990254e+02
3.698281797802658677e+08,-1.191376003466925368e+02,-1.799123617642844408e+02
3.775721909254159927e+08,-1.194976003466999970e+02,-1.799141592271367642e+02
3.854783576657704711e+08,-1.198576003467071018e+02,-1.799159198239178181e+02
3.935500754557764530e+08,-1.202176003467139935e+02,-1.799176443107562307e+02
4.017908108489392400e+08,-1.205776003467206294e+02,-1.799193334282720684e+02
4.102041029866064191e+08,-1.209376003467269953e+02,-1.799209879018950744e+02
4.187935651179183125e+08,-1.212976003467331338e+02,-1.799226084421760277e+02
4.275628861515863538e+08,-1.216576003467390308e+02,-1.799241957450921063e+02
4.365158322401647568e+08,-1.220176003467446293e+02,-1.799257504923458271e+02
4.456562483975023627e+08,-1.223776003467500715e+02,-1.799272733516577034e+02
4.549880601500480175e+08,-1.227376003467553147e+02,-1.799287649770530493e+02
4.645152752227492332e+08,-1.230976003467603448e+02,-1.799302260091429275e+02
4.742419852602448463e+08,-1.234576003467651901e+02,-1.799316570753993290e+02
4.841723675840978622e+08,-1.238176003467697797e+02,-1.799330587904246386e+02
4.943106869868343472e+08,-1.241776003467742555e+02,-1.799344317562154458e+02
5.046612975635276437e+08,-1.245376003467785324e+02,-1.799357765624213528e+02
5.152286445817561746e+08,-1.248976003467826672e+02,-1.799370937865980125e+02
5.260172663907063007e+08,-1.252576003467866315e+02,-1.799383839944553642e+02
5.370317963702510595e+08,-1.256176003467903683e+02,-1.799396477401004688e+02
5.482769649208524227e+08,-1.259776003467940200e+02,-1.799408855662754547e+02
5.597576014951093197e+08,-1.263376003467975437e+02,-1.799420980045908038e+02
5.714786366718666553e+08,-1.266976003468009253e+02,-1.799432855757534639e+02
5.834451042737448215e+08,-1.270576003468041648e+02,-1.799444487897906129e+02
5.956621435290085077e+08,-1.274176003468072054e+02,-1.799455881462687046e+02
6.081350012787163258e+08,-1.277776003468102033e+02,-1.799467041345079110e+02
6.208690342300624847e+08,-1.281376003468130591e+02,-1.799477972337924712e+02
6.338697112569264174e+08,-1.284976003468158297e+02,-1.799488679135763221e+02
6.471426157485830784e+08,-1.288576003468184865e+02,-1.799499166336848930e+02
6.606934480075937510e+08,-1.292176003468209728e+02,-1.799509438445124090e+02
6.745280276979202032e+08,-1.295776003468234023e+02,-1.799519499872156132e+02
6.886522963442747593e+08,-1.299376003468257750e+02,-1.799529354939029417e+02
7.030723198838326931e+08,-1.302976003468280055e+02,-1.799539007878202312e+02
7.177942912713614702e+08,-1.306576003468301792e+02,-1.799548462835324472e+02
7.328245331389044523e+08,-1.310176003468322676e+02,-1.799557723871019448e+02
7.481695005111522675e+08,-1.313776003468341855e+02,-1.799566794962624954e+02
7.638357835776891708e+08,-1.317376003468361034e+02,-1.799575680005903848e+02
7.798301105232577324e+08,-1.320976003468379361e+02,-1.799584382816716754e+02
7.961593504173183441e+08,-1.324576003468397118e+02,-1.799592907132660002e+02
8.128305161640994549e+08,-1.328176003468414308e+02,-1.799601256614671172e+02
8.298507675144200325e+08,-1.331776003468429792e+02,-1.799609434848602518e+02
8.472274141405946016e+08,-1.335376003468445276e+02,-1.799617445346759439e+02
8.649679187756921053e+08,-1.338976003468460476e+02,-1.799625291549409667e+02
8.830799004185621738e+08,-1.342576003468474823e+02,-1.799632976826260915e+02
9.015711376059570312e+08,-1.346176003468488886e+02,-1.799640504477908109e+02
9.204495717531684637e+08,-1.349776003468501528e+02,-1.799647877737249644e+02
9.397233105646356344e+08,-1.353376003468514170e+02,-1.799655099770878337e+02
9.594006315159316063e+08,-1.356976003468526528e+02,-1.799662173680438570e+02
9.794899854086980820e+08,-1.360576003468538318e+02,-1.799669102503960403e+02
1.000000000000000000e+09,-1.364176003468549538e+02,-1.799675889217163842e+02
